{
    "cam2": [
        -0.3798716962337494,
        -0.03719077259302139,
        0.062139417976140976,
        0.011225530877709389,
        0.17786401510238647,
        0.16036143898963928,
        0.9715549349784851,
        0.5281921029090881,
        0.686869740486145
    ],
    "r_matrix": [
        [
            0.8854571580886841,
            -0.30717769265174866,
            0.3487226366996765
        ],
        [
            0.315153032541275,
            0.9483884572982788,
            0.035183489322662354
        ],
        [
            -0.3415321409702301,
            0.07874753326177597,
            0.9365653395652771
        ]
    ],
    "euler_rotation_xyz": [
        4.806192617567506,
        19.97024694050373,
        19.59172567035302
    ]
}