{
    "cam2": [
        -0.48227474093437195,
        -0.6657651662826538,
        0.8368823528289795,
        -0.4323533773422241,
        0.2839324474334717,
        -0.08291174471378326,
        0.7151143550872803,
        0.5443080067634583,
        0.7031208276748657
    ],
    "quat": [
        -0.4323533773422241,
        0.2839324474334717,
        -0.08291174471378326,
        0.7151143550872803
    ],
    "euler_rotation_xyz": [
        -69.35544299261815,
        25.18488189416743,
        -30.798317710698115
    ]
}