{
    "cam2": [
        0.09460464864969254,
        -1.0058393478393555,
        1.203403353691101,
        -0.016636814922094345,
        -0.7636765241622925,
        -0.6232489347457886,
        0.08987534791231155,
        0.5359278917312622,
        0.697492241859436
    ],
    "quat": [
        -0.016636814922094345,
        -0.7636765241622925,
        -0.6232489347457886,
        0.08987534791231155
    ],
    "euler_rotation_xyz": [
        101.14586669692908,
        -9.27856228779848,
        -174.8617587619052
    ]
}