{
    "cam2": [
        -0.004507448058575392,
        -0.9979052543640137,
        0.9843299984931946,
        -0.0007209086907096207,
        -0.6879178881645203,
        -0.7051199078559875,
        0.00033601801260374486,
        0.5255601406097412,
        0.6823281645774841
    ],
    "r_matrix": [
        [
            -0.9999988079071045,
            0.001510386704467237,
            0.000571242708247155
        ],
        [
            0.0005337719339877367,
            -0.024693846702575684,
            0.9996949434280396
        ],
        [
            0.0015240319771692157,
            0.9996939897537231,
            0.024692893028259277
        ]
    ],
    "euler_rotation_xyz": [
        88.58505274843692,
        -0.08732062941264525,
        179.96941708279792
    ]
}