{
    "cam2": [
        0.5325663685798645,
        -0.658896267414093,
        0.8382150530815125,
        -0.10564906895160675,
        -0.5299867391586304,
        -0.2243804633617401,
        0.6724267601966858,
        0.5530303716659546,
        0.7125570178031921
    ],
    "r_matrix": [
        [
            0.16624075174331665,
            0.5207262635231018,
            -0.8373818397521973
        ],
        [
            -0.23884359002113342,
            0.8451748490333557,
            0.47815611958503723
        ],
        [
            0.9567224383354187,
            0.12051422894001007,
            0.2648746371269226
        ]
    ],
    "euler_rotation_xyz": [
        24.46486873893512,
        -73.0820382455095,
        -55.16117594753092
    ]
}