{
    "cam2": [
        -0.6279996037483215,
        -0.6553524732589722,
        0.8549187779426575,
        -0.049136627465486526,
        0.6060402989387512,
        0.392062246799469,
        0.5950576663017273,
        0.5338031053543091,
        0.6960593461990356
    ],
    "quat": [
        -0.049136627465486526,
        0.6060402989387512,
        0.392062246799469,
        0.5950576663017273
    ],
    "euler_rotation_xyz": [
        71.66456408780837,
        59.979748244351306,
        112.00412355183954
    ]
}