{
    "cam2": [
        0.722793698310852,
        -0.43022340536117554,
        0.4342440664768219,
        0.05442669615149498,
        -0.45733293890953064,
        -0.5432156920433044,
        0.7014673948287964,
        0.5276564359664917,
        0.6853837370872498
    ],
    "quat": [
        0.05442669615149498,
        -0.45733293890953064,
        -0.5432156920433044,
        0.7014673948287964
    ],
    "euler_rotation_xyz": [
        44.90987562371718,
        -35.655577402365765,
        -90.65049887921093
    ]
}