{
    "cam2": [
        -1.849588443292305e-05,
        5.7460074458504096e-06,
        8.594925748184323e-05,
        -3.457673665252514e-05,
        -1.3921831850893795e-05,
        -4.576121864374727e-05,
        0.9999423623085022,
        0.555067777633667,
        0.7207459211349487
    ],
    "r_matrix": [
        [
            1.0,
            9.15286727831699e-05,
            -2.784210300887935e-05
        ],
        [
            -9.152675193035975e-05,
            1.0,
            6.915873382240534e-05
        ],
        [
            2.7848434910993092e-05,
            -6.915618723724037e-05,
            1.0
        ]
    ],
    "euler_rotation_xyz": [
        -0.0039623575839636,
        -0.0015955977212433136,
        -0.005244096439160877
    ]
}