{
    "cam2": [
        -0.2268320620059967,
        -0.431041955947876,
        0.20232585072517395,
        -0.182179257273674,
        0.0994105413556099,
        0.006213837303221226,
        0.9494245052337646,
        0.5602259635925293,
        0.7260927557945251
    ],
    "r_matrix": [
        [
            0.9789922833442688,
            -0.050841014832258224,
            0.19745700061321259
        ],
        [
            -0.02585653029382229,
            0.9296404719352722,
            0.3675595819950104
        ],
        [
            -0.202251136302948,
            -0.3649435341358185,
            0.9087963104248047
        ]
    ],
    "euler_rotation_xyz": [
        -21.87881735018195,
        11.668629821831589,
        -1.5129084131761696
    ]
}