{
    "cam2": [
        0.6890491843223572,
        -0.4891219735145569,
        0.477956622838974,
        0.00241502420976758,
        -0.4937728941440582,
        -0.5043459534645081,
        0.7078489661216736,
        0.5269767642021179,
        0.6862044334411621
    ],
    "r_matrix": [
        [
            0.0028817057609558105,
            0.7121631503105164,
            -0.702008068561554
        ],
        [
            -0.7169367074966431,
            0.49086785316467285,
            0.4950256943702698
        ],
        [
            0.6971322298049927,
            0.5018688440322876,
            0.511990487575531
        ]
    ],
    "euler_rotation_xyz": [
        44.42802012693873,
        -44.19737569118166,
        -89.76970285520521
    ]
}