{
    "cam2": [
        -0.7482384443283081,
        -0.502240002155304,
        0.7851232886314392,
        -0.47070980072021484,
        0.32453855872154236,
        -0.25716307759284973,
        0.7151908278465271,
        0.5334658026695251,
        0.688961386680603
    ],
    "r_matrix": [
        [
            0.6208875179290771,
            0.06889193505048752,
            0.7808666229248047
        ],
        [
            -0.7444452047348022,
            0.36386287212371826,
            0.559826135635376
        ],
        [
            -0.245560884475708,
            -0.9289013743400574,
            0.27720409631729126
        ]
    ],
    "euler_rotation_xyz": [
        -73.38376636576416,
        14.214981162282466,
        -50.17097540915997
    ]
}