{
    "cam2": [
        0.855869710445404,
        -0.592031717300415,
        0.9987832307815552,
        -0.5945143699645996,
        -0.344034880399704,
        0.3035104274749756,
        0.6598042249679565,
        0.5670516490936279,
        0.7348669171333313
    ],
    "r_matrix": [
        [
            0.578734278678894,
            0.008558700792491436,
            -0.8154712319374084
        ],
        [
            0.8101757168769836,
            0.10821491479873657,
            0.5761117935180664
        ],
        [
            0.0931769609451294,
            -0.9940906763076782,
            0.05569356679916382
        ]
    ],
    "euler_rotation_xyz": [
        -86.79337517115049,
        -5.346400832719163,
        54.46057419450316
    ]
}