{
    "cam2": [
        0.8571470379829407,
        0.292900025844574,
        1.2514146566390991,
        -0.13001547753810883,
        -0.7692895531654358,
        0.29258912801742554,
        0.5178570747375488,
        0.5562755465507507,
        0.7215444445610046
    ],
    "quat": [
        -0.13001547753810883,
        -0.7692895531654358,
        0.29258912801742554,
        0.5178570747375488
    ],
    "euler_rotation_xyz": [
        -113.55226584527392,
        -48.4834605394249,
        127.94956835116169
    ]
}