{
    "cam2": [
        -0.0018724106485024095,
        -0.025122247636318207,
        -0.004007976967841387,
        -0.008531930856406689,
        -0.005004886072129011,
        0.0016240773256868124,
        0.9964913129806519,
        0.552680492401123,
        0.7187075018882751
    ],
    "r_matrix": [
        [
            0.999944269657135,
            -0.0031732649076730013,
            -0.010071906261146069
        ],
        [
            0.003345258068293333,
            0.9998480677604675,
            0.017105842009186745
        ],
        [
            0.010016093961894512,
            -0.017138581722974777,
            0.9998029470443726
        ]
    ],
    "euler_rotation_xyz": [
        -0.9820657485333812,
        -0.573889526644296,
        0.1916791334364102
    ]
}