{
    "cam2": [
        -0.03199843689799309,
        -0.7721737623214722,
        1.1761679649353027,
        -0.359762579202652,
        -0.08820800483226776,
        -0.021322593092918396,
        0.5426822900772095,
        0.5370109677314758,
        0.6858904957771301
    ],
    "quat": [
        -0.359762579202652,
        -0.08820800483226776,
        -0.021322593092918396,
        0.5426822900772095
    ],
    "euler_rotation_xyz": [
        -67.80828828263654,
        -14.893867169661945,
        5.540684937179883
    ]
}