{
    "cam2": [
        -0.6321290135383606,
        -0.5426725149154663,
        0.6138067245483398,
        -0.36796438694000244,
        0.3075484037399292,
        -0.1188000738620758,
        0.8123277425765991,
        0.5609645843505859,
        0.7250619530677795
    ],
    "r_matrix": [
        [
            0.759507417678833,
            -0.03686448931694031,
            0.6494532823562622
        ],
        [
            -0.4638884961605072,
            0.6692132353782654,
            0.5804835557937622
        ],
        [
            -0.4560219645500183,
            -0.7421554327011108,
            0.49117136001586914
        ]
    ],
    "euler_rotation_xyz": [
        -56.502716282801494,
        27.130707366076056,
        -31.415561970400823
    ]
}