{
    "cam2": [
        -0.4223686158657074,
        -0.5578271150588989,
        0.49067267775535583,
        0.0010682023130357265,
        0.3693273663520813,
        0.3176136910915375,
        0.7313527464866638,
        0.5163694024085999,
        0.6713049411773682
    ],
    "quat": [
        0.0010682023130357265,
        0.3693273663520813,
        0.3176136910915375,
        0.7313527464866638
    ],
    "euler_rotation_xyz": [
        25.311906828868764,
        44.32601553093682,
        57.401405153669884
    ]
}