{
    "cam2": [
        -0.17616090178489685,
        -0.8361849784851074,
        0.769286036491394,
        -0.04029309004545212,
        0.29767605662345886,
        0.22244803607463837,
        0.5376471877098083,
        0.5438576340675354,
        0.6983034014701843
    ],
    "r_matrix": [
        [
            0.3558773398399353,
            -0.6137981414794922,
            0.7047008275985718
        ],
        [
            0.5019064545631409,
            0.7616194486618042,
            0.40990936756134033
        ],
        [
            -0.7883155345916748,
            0.20781640708446503,
            0.5791122913360596
        ]
    ],
    "euler_rotation_xyz": [
        19.740696809718145,
        52.0283670779313,
        54.661411115575454
    ]
}