{
    "cam2": [
        -7.507285044994205e-05,
        -1.3309279893292114e-05,
        3.33213247358799e-05,
        -1.0752475645858794e-05,
        1.1623057616816368e-05,
        1.2536938811535947e-05,
        1.000086784362793,
        0.5215926766395569,
        0.6780726909637451
    ],
    "r_matrix": [
        [
            1.0,
            -2.507195131329354e-05,
            2.324382876395248e-05
        ],
        [
            2.5071452910196967e-05,
            1.0,
            2.1503376046894118e-05
        ],
        [
            -2.324436718481593e-05,
            -2.1502795789274387e-05,
            1.0
        ]
    ],
    "euler_rotation_xyz": [
        -0.00123201937423398,
        0.0013318041565310009,
        0.001436488397154879
    ]
}