{
    "cam2": [
        0.8857922554016113,
        -0.24061983823776245,
        0.5414645671844482,
        -0.007375186774879694,
        -0.48715415596961975,
        -0.21622374653816223,
        0.846352219581604,
        0.5514565110206604,
        0.7166868448257446
    ],
    "r_matrix": [
        [
            0.4321051239967346,
            0.3730250597000122,
            -0.8210587501525879
        ],
        [
            -0.3586599826812744,
            0.9064267873764038,
            0.22305482625961304
        ],
        [
            0.8274347186088562,
            0.19809775054454803,
            0.5254608988761902
        ]
    ],
    "euler_rotation_xyz": [
        20.656349658955598,
        -55.83611350993,
        -39.69367057831611
    ]
}