{
    "cam2": [
        0.725385308265686,
        -0.19180689752101898,
        0.31887832283973694,
        0.0215569119900465,
        -0.3901923596858978,
        -0.2803850471973419,
        0.8767493367195129,
        0.5238727331161499,
        0.6831272840499878
    ],
    "r_matrix": [
        [
            0.5382774472236633,
            0.47482267022132874,
            -0.6962763667106628
        ],
        [
            -0.5084673762321472,
            0.8418421745300293,
            0.1810045838356018
        ],
        [
            0.6720999479293823,
            0.2566031217575073,
            0.6945765018463135
        ]
    ],
    "euler_rotation_xyz": [
        20.276158374674395,
        -42.229345770545905,
        -43.36872337402968
    ]
}