{
    "cam2": [
        0.20527218282222748,
        0.4661807715892792,
        1.7067111730575562,
        0.13183368742465973,
        -0.8519837260246277,
        0.16974139213562012,
        0.2516648769378662,
        0.5675981640815735,
        0.7358458042144775
    ],
    "quat": [
        0.13183368742465973,
        -0.8519837260246277,
        0.16974139213562012,
        0.2516648769378662
    ],
    "euler_rotation_xyz": [
        -161.10365954821754,
        -34.533805960163555,
        -168.3300578531443
    ]
}