{
    "cam2": [
        -0.32612061500549316,
        -0.36240577697753906,
        0.23454557359218597,
        -0.08636249601840973,
        0.1787550449371338,
        0.14215587079524994,
        0.9197871685028076,
        0.5345639586448669,
        0.694037675857544
    ],
    "quat": [
        -0.08636249601840973,
        0.1787550449371338,
        0.14215587079524994,
        0.9197871685028076
    ],
    "euler_rotation_xyz": [
        -7.445304965124326,
        22.967686347735913,
        16.056820521814096
    ]
}