{
    "cam2": [
        -0.002487713471055031,
        -1.0205000638961792,
        0.9487449526786804,
        -0.004227891564369202,
        -0.6290217638015747,
        -0.6917062997817993,
        -0.0001906401594169438,
        0.5648382902145386,
        0.7302728295326233
    ],
    "r_matrix": [
        [
            -0.9999589920043945,
            0.005782958585768938,
            0.006965389009565115
        ],
        [
            0.006386369001120329,
            -0.09472942352294922,
            0.9954826235771179
        ],
        [
            0.006416661199182272,
            0.995486319065094,
            0.09468847513198853
        ]
    ],
    "euler_rotation_xyz": [
        84.56649428123549,
        -0.3676501402664285,
        179.6340779751898
    ]
}