{
    "cam2": [
        0.0026499517261981964,
        -1.012498140335083,
        0.9916924238204956,
        0.0025715262163430452,
        -0.6799163818359375,
        -0.6940129399299622,
        0.003728357842192054,
        0.5491848587989807,
        0.7155450582504272
    ],
    "quat": [
        0.0025715262163430452,
        -0.6799163818359375,
        -0.6940129399299622,
        0.003728357842192054
    ],
    "euler_rotation_xyz": [
        88.82390986685608,
        -0.09108215506448102,
        -179.4736316728596
    ]
}