{
    "cam2": [
        -0.007332761771976948,
        -0.9928672313690186,
        1.0341784954071045,
        -0.09318456053733826,
        0.716077983379364,
        0.6829383969306946,
        0.09464702010154724,
        0.5276111364364624,
        0.6853616833686829
    ],
    "r_matrix": [
        [
            -0.964604377746582,
            -0.26357075572013855,
            0.00829710066318512
        ],
        [
            -0.00419201422482729,
            0.046786606311798096,
            0.9988961219787598
        ],
        [
            -0.2636680006980896,
            0.9635047912597656,
            -0.04623544216156006
        ]
    ],
    "euler_rotation_xyz": [
        92.74732994676869,
        15.28782004543599,
        -179.75100340349908
    ]
}