{
    "cam2": [
        -0.3467959463596344,
        -0.22441092133522034,
        0.33606794476509094,
        -0.11116492003202438,
        0.13216589391231537,
        -0.07367224991321564,
        0.9068121910095215,
        0.5497069954872131,
        0.7113233804702759
    ],
    "quat": [
        -0.11116492003202438,
        0.13216589391231537,
        -0.07367224991321564,
        0.9068121910095215
    ],
    "euler_rotation_xyz": [
        -15.487007758664316,
        15.09454237080541,
        -11.353638508868697
    ]
}