{
    "cam2": [
        -0.18025994300842285,
        -0.695589542388916,
        0.8597776293754578,
        -0.0385093055665493,
        0.23887132108211517,
        0.14347310364246368,
        0.5999306440353394,
        0.5192608833312988,
        0.6852675080299377
    ],
    "quat": [
        -0.0385093055665493,
        0.23887132108211517,
        0.14347310364246368,
        0.5999306440353394
    ],
    "euler_rotation_xyz": [
        3.9688018927894033,
        42.685931158849044,
        28.450621218339307
    ]
}