{
    "cam2": [
        0.6987317800521851,
        -0.4789700508117676,
        0.4809374213218689,
        0.024320216849446297,
        -0.47398126125335693,
        -0.5165930986404419,
        0.7064257860183716,
        0.529419481754303,
        0.6904338598251343
    ],
    "quat": [
        0.024320216849446297,
        -0.47398126125335693,
        -0.5165930986404419,
        0.7064257860183716
    ],
    "euler_rotation_xyz": [
        44.107624652606525,
        -40.56341908909414,
        -89.38346520167272
    ]
}