{
    "cam2": [
        -0.6283140778541565,
        -0.7656791806221008,
        1.0087774991989136,
        0.03392206132411957,
        0.7081018090248108,
        0.47067791223526,
        0.48425883054733276,
        0.5298437476158142,
        0.6880955100059509
    ],
    "quat": [
        0.03392206132411957,
        0.7081018090248108,
        0.47067791223526,
        0.48425883054733276
    ],
    "euler_rotation_xyz": [
        93.80476988996675,
        43.009037370387276,
        134.0398391111864
    ]
}