{
    "cam2": [
        -0.8214252591133118,
        -0.0998782142996788,
        0.9570759534835815,
        -0.2569400668144226,
        0.4861966371536255,
        -0.19367896020412445,
        0.7002080082893372,
        0.5538024306297302,
        0.718034565448761
    ],
    "r_matrix": [
        [
            0.34016865491867065,
            0.025757789611816406,
            0.9400116205215454
        ],
        [
            -0.6276472210884094,
            0.7505933046340942,
            0.20656368136405945
        ],
        [
            -0.7002457976341248,
            -0.6602622270584106,
            0.27149516344070435
        ]
    ],
    "euler_rotation_xyz": [
        -67.64788213443231,
        44.446728961952374,
        -61.54344742151622
    ]
}