{
    "cam2": [
        0.39150235056877136,
        -0.3289022743701935,
        0.3197311460971832,
        -0.056372735649347305,
        -0.2377295047044754,
        -0.08883525431156158,
        0.8965754508972168,
        0.5652537941932678,
        0.7259063720703125
    ],
    "quat": [
        -0.056372735649347305,
        -0.2377295047044754,
        -0.08883525431156158,
        0.8965754508972168
    ],
    "euler_rotation_xyz": [
        -4.474254588719752,
        -30.044379777990457,
        -10.115823333124618
    ]
}