{
    "cam2": [
        -0.4496288597583771,
        -0.6338142156600952,
        0.7678582072257996,
        -0.2395401895046234,
        0.2458595186471939,
        0.02264244481921196,
        0.746781587600708,
        0.5602213740348816,
        0.719167947769165
    ],
    "quat": [
        -0.2395401895046234,
        0.2458595186471939,
        0.02264244481921196,
        0.746781587600708
    ],
    "euler_rotation_xyz": [
        -38.207909031205965,
        34.00282851919559,
        -8.61702303001565
    ]
}