{
    "cam2": [
        -0.007332761771976948,
        -0.9928672313690186,
        1.0341784954071045,
        -0.09318456053733826,
        0.716077983379364,
        0.6829383969306946,
        0.09464702010154724,
        0.5276111364364624,
        0.6853616833686829
    ],
    "quat": [
        -0.09318456053733826,
        0.716077983379364,
        0.6829383969306946,
        0.09464702010154724
    ],
    "euler_rotation_xyz": [
        92.74732915334101,
        15.28781908595213,
        -179.7510035361396
    ]
}