{
    "cam2": [
        -3.746644506463781e-05,
        1.8586826627142727e-05,
        8.119414269458503e-05,
        -4.958119461662136e-05,
        0.000114628674054984,
        -4.724154860014096e-05,
        0.9999566078186035,
        0.5604212880134583,
        0.7272190451622009
    ],
    "quat": [
        -4.958119461662136e-05,
        0.000114628674054984,
        -4.724154860014096e-05,
        0.9999566078186035
    ],
    "euler_rotation_xyz": [
        -0.005682453588153512,
        0.013135779921475618,
        -0.005414369000961883
    ]
}