{
    "cam2": [
        -0.710051417350769,
        0.4276551306247711,
        1.0387259721755981,
        0.09056520462036133,
        0.6088390350341797,
        -0.16154932975769043,
        0.6381704807281494,
        0.5750606656074524,
        0.7447575330734253
    ],
    "r_matrix": [
        [
            0.022998511791229248,
            0.38962453603744507,
            0.9206866025924683
        ],
        [
            -0.11808328330516815,
            0.9155423045158386,
            -0.38449785113334656
        ],
        [
            -0.9927372932434082,
            -0.09987480938434601,
            0.06706428527832031
        ]
    ],
    "euler_rotation_xyz": [
        -56.1192987284758,
        83.09046205019627,
        -78.97874651770321
    ]
}