{
    "cam2": [
        -0.8123230338096619,
        -0.599303126335144,
        0.7121832966804504,
        -0.059887923300266266,
        0.5743279457092285,
        0.4133075177669525,
        0.7032462954521179,
        0.5291112661361694,
        0.6886158585548401
    ],
    "quat": [
        -0.059887923300266266,
        0.5743279457092285,
        0.4133075177669525,
        0.7032462954521179
    ],
    "euler_rotation_xyz": [
        49.63541759190989,
        59.12703370748725,
        90.28325266843447
    ]
}