{
    "cam2": [
        0.6890491843223572,
        -0.4891219735145569,
        0.477956622838974,
        0.00241502420976758,
        -0.4937728941440582,
        -0.5043459534645081,
        0.7078489661216736,
        0.5269767642021179,
        0.6862044334411621
    ],
    "quat": [
        0.00241502420976758,
        -0.4937728941440582,
        -0.5043459534645081,
        0.7078489661216736
    ],
    "euler_rotation_xyz": [
        44.42802165756347,
        -44.197378188999785,
        -89.76970373401404
    ]
}