{
    "cam2": [
        -0.17376741766929626,
        0.1759045422077179,
        1.1653963327407837,
        0.305932879447937,
        0.0671059712767601,
        0.29654836654663086,
        0.49646854400634766,
        0.5644282698631287,
        0.7322160005569458
    ],
    "quat": [
        0.305932879447937,
        0.0671059712767601,
        0.29654836654663086,
        0.49646854400634766
    ],
    "euler_rotation_xyz": [
        55.47814369769595,
        -15.394150642562483,
        53.57016781059723
    ]
}