{
    "cam2": [
        0.10347728431224823,
        -1.0240540504455566,
        0.9946954846382141,
        0.0007379701128229499,
        -0.6925979852676392,
        -0.7156561613082886,
        0.0708858072757721,
        0.5448161363601685,
        0.7088366150856018
    ],
    "quat": [
        0.0007379701128229499,
        -0.6925979852676392,
        -0.7156561613082886,
        0.0708858072757721
    ],
    "euler_rotation_xyz": [
        87.83409472861204,
        -5.591679635707801,
        -174.07110775018984
    ]
}