{
    "cam2": [
        -0.39390328526496887,
        -0.7394455075263977,
        0.6719501614570618,
        -0.12258060276508331,
        0.4599825441837311,
        0.3056560158729553,
        0.6066620945930481,
        0.509513258934021,
        0.661424458026886
    ],
    "r_matrix": [
        [
            0.11344027519226074,
            -0.7028741240501404,
            0.7022103071212769
        ],
        [
            0.37509018182754517,
            0.6847678422927856,
            0.6248202919960022
        ],
        [
            -0.9200210571289062,
            0.1925123929977417,
            0.3413214087486267
        ]
    ],
    "euler_rotation_xyz": [
        29.42390469984073,
        66.92915492014924,
        73.17286325394564
    ]
}