{
    "cam2": [
        -0.5006785988807678,
        0.20922917127609253,
        1.3146063089370728,
        0.18085874617099762,
        0.5161689519882202,
        -0.0033681713975965977,
        0.5590407848358154,
        0.5565752983093262,
        0.7258179783821106
    ],
    "quat": [
        0.18085874617099762,
        0.5161689519882202,
        -0.0033681713975965977,
        0.5590407848358154
    ],
    "euler_rotation_xyz": [
        86.14330785675062,
        70.99545534951629,
        66.69796085254099
    ]
}