{
    "cam2": [
        0.5757516622543335,
        -0.5175544619560242,
        0.4769292175769806,
        -0.12014105170965195,
        -0.4640219211578369,
        -0.1286572813987732,
        0.7600241899490356,
        0.5476136803627014,
        0.704512357711792
    ],
    "r_matrix": [
        [
            0.4371698498725891,
            0.37267470359802246,
            -0.8185328841209412
        ],
        [
            -0.1020331159234047,
            0.9247843623161316,
            0.36655572056770325
        ],
        [
            0.8935725688934326,
            -0.0767296627163887,
            0.442313015460968
        ]
    ],
    "euler_rotation_xyz": [
        -9.841369289861555,
        -63.32565400070911,
        -13.137355661305588
    ]
}