{
    "cam2": [
        -0.6689930558204651,
        -0.5472348928451538,
        0.8878455758094788,
        -0.19145607948303223,
        0.6019107699394226,
        0.23157218098640442,
        0.656516969203949,
        0.5467130541801453,
        0.7132021188735962
    ],
    "quat": [
        -0.19145607948303223,
        0.6019107699394226,
        0.23157218098640442,
        0.656516969203949
    ],
    "euler_rotation_xyz": [
        17.72224200897061,
        84.15667393512884,
        54.88301956480296
    ]
}