{
    "cam2": [
        0.2973053753376007,
        0.02789938822388649,
        0.0677131786942482,
        -0.017129581421613693,
        -0.1408083736896515,
        0.20171818137168884,
        0.964913010597229,
        0.5571505427360535,
        0.7263097167015076
    ],
    "quat": [
        -0.017129581421613693,
        -0.1408083736896515,
        0.20171818137168884,
        0.964913010597229
    ],
    "euler_rotation_xyz": [
        -5.3945755557354245,
        -15.48560376147794,
        24.349640550950593
    ]
}