{
    "cam2": [
        0.4615875780582428,
        -0.7426101565361023,
        0.9532490968704224,
        -0.007162571419030428,
        -0.6396475434303284,
        -0.4714489281177521,
        0.4401775598526001,
        0.5464282631874084,
        0.7096356749534607
    ],
    "r_matrix": [
        [
            -0.5302890539169312,
            0.5140510201454163,
            -0.6741995215415955
        ],
        [
            -0.49184349179267883,
            0.46119773387908936,
            0.7385029196739197
        ],
        [
            0.6905673742294312,
            0.7232206463813782,
            0.008264660835266113
        ]
    ],
    "euler_rotation_xyz": [
        89.34528131348547,
        -43.67504801217056,
        -137.1540526964275
    ]
}