{
    "cam2": [
        0.004447298124432564,
        -1.0151773691177368,
        0.9961387515068054,
        0.0016399495070800185,
        -0.6928015947341919,
        -0.7146148085594177,
        0.0023915686178952456,
        0.5583202838897705,
        0.7261339426040649
    ],
    "quat": [
        0.0016399495070800185,
        -0.6928015947341919,
        -0.7146148085594177,
        0.0023915686178952456
    ],
    "euler_rotation_xyz": [
        88.22395361752659,
        -0.05609533634209339,
        -179.6708860197692
    ]
}