{
    "cam2": [
        0.09458103030920029,
        0.20319031178951263,
        1.4713207483291626,
        0.24686600267887115,
        -0.14176233112812042,
        -0.03398922085762024,
        0.44784775376319885,
        0.5635185241699219,
        0.718937337398529
    ],
    "quat": [
        0.24686600267887115,
        -0.14176233112812042,
        -0.03398922085762024,
        0.44784775376319885
    ],
    "euler_rotation_xyz": [
        62.39055209688207,
        -22.936244034828874,
        -22.68665190791975
    ]
}