{
    "cam2": [
        -0.32612061500549316,
        -0.36240577697753906,
        0.23454557359218597,
        -0.08636249601840973,
        0.1787550449371338,
        0.14215587079524994,
        0.9197871685028076,
        0.5345639586448669,
        0.694037675857544
    ],
    "r_matrix": [
        [
            0.8848056197166443,
            -0.3228495419025421,
            0.3359869122505188
        ],
        [
            0.2546638250350952,
            0.9389004111289978,
            0.23154348134994507
        ],
        [
            -0.39021193981170654,
            -0.11930728703737259,
            0.9129624366760254
        ]
    ],
    "euler_rotation_xyz": [
        -7.445305195245199,
        22.96768782379469,
        16.056820891837965
    ]
}