{
    "cam2": [
        -0.17376741766929626,
        0.1759045422077179,
        1.1653963327407837,
        0.305932879447937,
        0.0671059712767601,
        0.29654836654663086,
        0.49646854400634766,
        0.5644282698631287,
        0.7322160005569458
    ],
    "r_matrix": [
        [
            0.5725325345993042,
            -0.5858548879623413,
            0.5735682845115662
        ],
        [
            0.7757182121276855,
            0.16056686639785767,
            -0.6103109121322632
        ],
        [
            0.2654576599597931,
            0.7943502068519592,
            0.5463880896568298
        ]
    ],
    "euler_rotation_xyz": [
        55.47814196337875,
        -15.394146611469708,
        53.57016711951412
    ]
}