{
    "cam2": [
        -0.036578357219696045,
        0.046081237494945526,
        -0.143011674284935,
        0.0105678029358387,
        0.00011550568888196722,
        0.004598475992679596,
        0.9988255500793457,
        0.5649714469909668,
        0.7336940169334412
    ],
    "r_matrix": [
        [
            0.9999575614929199,
            -0.009204094298183918,
            0.00032865957473404706
        ],
        [
            0.009208987466990948,
            0.9997337460517883,
            -0.02115657739341259
        ],
        [
            -0.0001338449219474569,
            0.02115870639681816,
            0.9997761249542236
        ]
    ],
    "euler_rotation_xyz": [
        1.212395077509248,
        0.0076687496600102815,
        0.5276435958303506
    ]
}