{
    "cam2": [
        0.2973053753376007,
        0.02789938822388649,
        0.0677131786942482,
        -0.017129581421613693,
        -0.1408083736896515,
        0.20171818137168884,
        0.964913010597229,
        0.5571505427360535,
        0.7263097167015076
    ],
    "r_matrix": [
        [
            0.877973198890686,
            -0.3876091241836548,
            -0.28093093633651733
        ],
        [
            0.3973361849784851,
            0.9173606634140015,
            -0.023944832384586334
        ],
        [
            0.26699623465538025,
            -0.0906011164188385,
            0.9594292044639587
        ]
    ],
    "euler_rotation_xyz": [
        -5.394575150150024,
        -15.485603334111527,
        24.349639408242002
    ]
}