{
    "cam2": [
        0.11109013855457306,
        -0.7468531131744385,
        1.4801493883132935,
        -0.06705738604068756,
        -0.7165799140930176,
        -0.20289698243141174,
        0.20991796255111694,
        0.5427885055541992,
        0.6959248185157776
    ],
    "r_matrix": [
        [
            -0.8389889001846313,
            0.3005346655845642,
            -0.4536258578300476
        ],
        [
            0.01810380630195141,
            0.8485986590385437,
            0.5287272930145264
        ],
        [
            0.5438472032546997,
            0.43538400530815125,
            -0.7174056768417358
        ]
    ],
    "euler_rotation_xyz": [
        148.74699169571,
        -32.94592177522046,
        178.76385552657524
    ]
}