{
    "cam2": [
        -0.2268320620059967,
        -0.431041955947876,
        0.20232585072517395,
        -0.182179257273674,
        0.0994105413556099,
        0.006213837303221226,
        0.9494245052337646,
        0.5602259635925293,
        0.7260927557945251
    ],
    "quat": [
        -0.182179257273674,
        0.0994105413556099,
        0.006213837303221226,
        0.9494245052337646
    ],
    "euler_rotation_xyz": [
        -21.878817072459718,
        11.668629539517717,
        -1.5129084413086926
    ]
}