{
    "cam2": [
        0.09460464864969254,
        -1.0058393478393555,
        1.203403353691101,
        -0.016636814922094345,
        -0.7636765241622925,
        -0.6232489347457886,
        0.08987534791231155,
        0.5359278917312622,
        0.697492241859436
    ],
    "r_matrix": [
        [
            -0.9829504489898682,
            0.14024528861045837,
            -0.11891244351863861
        ],
        [
            -0.08838729560375214,
            0.2066982388496399,
            0.9744042754173279
        ],
        [
            0.16123458743095398,
            0.9683012366294861,
            -0.19077837467193604
        ]
    ],
    "euler_rotation_xyz": [
        101.14586753082027,
        -9.278561581909862,
        -174.8617595414687
    ]
}