{
    "cam2": [
        0.3641364574432373,
        -0.6808755993843079,
        0.6833687424659729,
        -0.03856782242655754,
        -0.40539729595184326,
        -0.3499796390533447,
        0.6214142441749573,
        0.5392175316810608,
        0.6961893439292908
    ],
    "r_matrix": [
        [
            0.1494649052619934,
            0.6912555694580078,
            -0.7069836258888245
        ],
        [
            -0.5985299944877625,
            0.6323865056037903,
            0.4917815029621124
        ],
        [
            0.7870336174964905,
            0.3496468961238861,
            0.5082569122314453
        ]
    ],
    "euler_rotation_xyz": [
        34.52538179845364,
        -51.909160882168244,
        -75.97885632876617
    ]
}