{
    "cam2": [
        -0.8123230338096619,
        -0.599303126335144,
        0.7121832966804504,
        -0.059887923300266266,
        0.5743279457092285,
        0.4133075177669525,
        0.7032462954521179,
        0.5291112661361694,
        0.6886158585548401
    ],
    "r_matrix": [
        [
            -0.002536773681640625,
            -0.6508741974830627,
            0.7591814398765564
        ],
        [
            0.5131301283836365,
            0.6507677435874939,
            0.5596417784690857
        ],
        [
            -0.8583072423934937,
            0.39097851514816284,
            0.33233219385147095
        ]
    ],
    "euler_rotation_xyz": [
        49.635421105603804,
        59.12703474970693,
        90.2832559026951
    ]
}