{
    "cam2": [
        -0.2756628096103668,
        -0.3013359308242798,
        1.0769802331924438,
        0.010320526547729969,
        0.35268688201904297,
        0.11302344501018524,
        0.4881959557533264,
        0.5282388925552368,
        0.6747368574142456
    ],
    "r_matrix": [
        [
            0.2696441411972046,
            -0.2744254767894745,
            0.9230290651321411
        ],
        [
            0.313188761472702,
            0.9314128160476685,
            0.18542630970478058
        ],
        [
            -0.9106068015098572,
            0.23908323049545288,
            0.33709704875946045
        ]
    ],
    "euler_rotation_xyz": [
        35.34585101907279,
        65.58934645950693,
        49.27274358564983
    ]
}