{
    "cam2": [
        0.4716793894767761,
        -0.5451909899711609,
        0.8876463174819946,
        -0.09979594498872757,
        -0.4069777727127075,
        -0.13114593923091888,
        0.6828557848930359,
        0.5505551695823669,
        0.7124565243721008
    ],
    "quat": [
        -0.09979594498872757,
        -0.4069777727127075,
        -0.13114593923091888,
        0.6828557848930359
    ],
    "euler_rotation_xyz": [
        -5.481193889007851,
        -62.01029112694193,
        -18.447431544929305
    ]
}