{
    "cam2": [
        -1.503140083514154e-05,
        -1.5474590327357873e-05,
        0.00011917910887859762,
        3.3649512261035852e-06,
        -4.7516452468698844e-05,
        -3.2965683203656226e-05,
        0.999985933303833,
        0.5588158965110779,
        0.7258661985397339
    ],
    "quat": [
        3.3649512261035852e-06,
        -4.7516452468698844e-05,
        -3.2965683203656226e-05,
        0.999985933303833
    ],
    "euler_rotation_xyz": [
        0.00038577993430035143,
        -0.005445048239959852,
        -0.0037776605013547554
    ]
}