{
    "cam2": [
        -0.7291104793548584,
        -0.5303540229797363,
        0.5179319381713867,
        -0.005145911127328873,
        0.4942546486854553,
        0.5044032335281372,
        0.7071465849876404,
        0.5291043519973755,
        0.6896095871925354
    ],
    "quat": [
        -0.005145911127328873,
        0.4942546486854553,
        0.5044032335281372,
        0.7071465849876404
    ],
    "euler_rotation_xyz": [
        43.92255297402603,
        44.83464819448857,
        89.88897446010542
    ]
}