{
    "cam2": [
        0.7268928289413452,
        0.19844163954257965,
        1.4711337089538574,
        -0.0728895515203476,
        -0.8290191292762756,
        0.14194414019584656,
        0.47124603390693665,
        0.5584426522254944,
        0.7234601378440857
    ],
    "quat": [
        -0.0728895515203476,
        -0.8290191292762756,
        0.14194414019584656,
        0.47124603390693665
    ],
    "euler_rotation_xyz": [
        -145.97623594164745,
        -54.45895547775571,
        152.05626195370192
    ]
}