{
    "cam2": [
        -0.10228915512561798,
        0.6071504950523376,
        0.5954869389533997,
        0.30549952387809753,
        0.2279406040906906,
        -0.26925796270370483,
        0.7270276546478271,
        0.5627301931381226,
        0.726188063621521
    ],
    "quat": [
        0.30549952387809753,
        0.2279406040906906,
        -0.26925796270370483,
        0.7270276546478271
    ],
    "euler_rotation_xyz": [
        35.19534930223556,
        41.64408941900436,
        -26.88878155375435
    ]
}