{
    "cam2": [
        0.0023704166524112225,
        -1.0097471475601196,
        1.0933103561401367,
        -0.006180593743920326,
        -0.1673060655593872,
        -0.1814316362142563,
        0.3169122040271759,
        0.5249371528625488,
        0.6854168176651001
    ],
    "r_matrix": [
        [
            0.24515247344970703,
            0.7253915667533875,
            -0.6432009339332581
        ],
        [
            -0.6997613906860352,
            0.5915778875350952,
            0.40046176314353943
        ],
        [
            0.6709951162338257,
            0.3519129753112793,
            0.65262770652771
        ]
    ],
    "euler_rotation_xyz": [
        28.334641164695324,
        -42.143908678899884,
        -70.69274348968838
    ]
}