{
    "cam2": [
        -0.7149835228919983,
        -0.5150086283683777,
        0.4867609143257141,
        -0.003669179044663906,
        0.4841691851615906,
        0.5075379610061646,
        0.7125535607337952,
        0.541340708732605,
        0.7048767805099487
    ],
    "r_matrix": [
        [
            0.015735268592834473,
            -0.7270230054855347,
            0.6864327192306519
        ],
        [
            0.7199152112007141,
            0.48466014862060547,
            0.49681633710861206
        ],
        [
            -0.6938835382461548,
            0.48635590076446533,
            0.531021237373352
        ]
    ],
    "euler_rotation_xyz": [
        42.48618897855068,
        43.938317784304026,
        88.74787880315529
    ]
}