{
    "cam2": [
        0.7204450964927673,
        -0.5948319435119629,
        0.6035521626472473,
        -0.058432646095752716,
        -0.5315941572189331,
        -0.4615977108478546,
        0.7077651023864746,
        0.5378468036651611,
        0.6982435584068298
    ],
    "r_matrix": [
        [
            0.008680880069732666,
            0.715522825717926,
            -0.6985354423522949
        ],
        [
            -0.5912743210792542,
            0.5670309066772461,
            0.5734723806381226
        ],
        [
            0.8064237833023071,
            0.4080478250980377,
            0.42799264192581177
        ]
    ],
    "euler_rotation_xyz": [
        43.63339633374271,
        -53.74798109109182,
        -89.15886326152628
    ]
}