{
    "cam2": [
        -0.8754331469535828,
        -0.38044503331184387,
        0.8409852981567383,
        -0.486114501953125,
        0.38960325717926025,
        -0.3518880307674408,
        0.6730099320411682,
        0.579300582408905,
        0.7485958933830261
    ],
    "quat": [
        -0.486114501953125,
        0.38960325717926025,
        -0.3518880307674408,
        0.6730099320411682
    ],
    "euler_rotation_xyz": [
        -78.51413891852587,
        10.890704986039056,
        -64.11549678959037
    ]
}