{
    "cam2": [
        -0.7309635281562805,
        -0.5603958368301392,
        0.5579612255096436,
        -0.029300322756171227,
        0.5186265110969543,
        0.47863879799842834,
        0.7065626382827759,
        0.5287686586380005,
        0.6881344318389893
    ],
    "r_matrix": [
        [
            0.002024412155151367,
            -0.70807284116745,
            0.7061365842819214
        ],
        [
            0.6471769213676453,
            0.5392439365386963,
            0.5388672947883606
        ],
        [
            -0.7623371481895447,
            0.45590436458587646,
            0.45934003591537476
        ]
    ],
    "euler_rotation_xyz": [
        44.78492334686756,
        49.67067104144451,
        89.82077713840422
    ]
}