{
    "cam2": [
        0.009100130759179592,
        -1.0325373411178589,
        1.0107065439224243,
        0.0016672557685524225,
        -0.6934192180633545,
        -0.714651882648468,
        0.004490441642701626,
        0.5604036450386047,
        0.7256532311439514
    ],
    "quat": [
        0.0016672557685524225,
        -0.6934192180633545,
        -0.714651882648468,
        0.004490441642701626
    ],
    "euler_rotation_xyz": [
        88.27119752929362,
        -0.2221446512810151,
        -179.49552615149722
    ]
}