{
    "cam2": [
        -0.48227474093437195,
        -0.6657651662826538,
        0.8368823528289795,
        -0.4323533773422241,
        0.2839324474334717,
        -0.08291174471378326,
        0.7151143550872803,
        0.5443080067634583,
        0.7031208276748657
    ],
    "r_matrix": [
        [
            0.7773202061653137,
            -0.16153466701507568,
            0.6080130338668823
        ],
        [
            -0.46334490180015564,
            0.5067412853240967,
            0.7269970774650574
        ],
        [
            -0.4255405366420746,
            -0.8468292355537415,
            0.3190540075302124
        ]
    ],
    "euler_rotation_xyz": [
        -69.35544347235876,
        25.184882819279593,
        -30.79831792411145
    ]
}