{
    "cam2": [
        -0.452668160200119,
        0.6308303475379944,
        1.5234715938568115,
        0.07249923795461655,
        0.8766672015190125,
        -0.32526496052742004,
        0.30609872937202454,
        0.5673189759254456,
        0.7403956055641174
    ],
    "quat": [
        0.07249923795461655,
        0.8766672015190125,
        -0.32526496052742004,
        0.30609872937202454
    ],
    "euler_rotation_xyz": [
        -137.51853805390127,
        36.861009668035685,
        -174.6941237614242
    ]
}