{
    "cam2": [
        0.5413783192634583,
        -0.5972648859024048,
        0.5482794642448425,
        -0.04213679954409599,
        -0.48064014315605164,
        -0.5584408044815063,
        0.6579887270927429,
        0.5582107901573181,
        0.7230170369148254
    ],
    "r_matrix": [
        [
            -0.11062490940093994,
            0.7931712865829468,
            -0.5988669991493225
        ],
        [
            -0.7103040814399719,
            0.35836130380630493,
            0.6058427095413208
        ],
        [
            0.695147693157196,
            0.4923989176750183,
            0.5237489938735962
        ]
    ],
    "euler_rotation_xyz": [
        43.23287602100433,
        -44.038986857715535,
        -98.85230217402767
    ]
}