{
    "cam2": [
        0.4716793894767761,
        -0.5451909899711609,
        0.8876463174819946,
        -0.09979594498872757,
        -0.4069777727127075,
        -0.13114593923091888,
        0.6828557848930359,
        0.5505551695823669,
        0.7124565243721008
    ],
    "r_matrix": [
        [
            0.44519704580307007,
            0.39499974250793457,
            -0.8036011457443237
        ],
        [
            -0.1485067903995514,
            0.9175868630409241,
            0.3687547743320465
        ],
        [
            0.8830319046974182,
            -0.04482831060886383,
            0.46716707944869995
        ]
    ],
    "euler_rotation_xyz": [
        -5.481192632304036,
        -62.0102905399417,
        -18.44743183558813
    ]
}