{
    "cam2": [
        0.7240875959396362,
        -0.6037172079086304,
        0.6141951680183411,
        -0.06320437043905258,
        -0.5372464656829834,
        -0.45879659056663513,
        0.7052397131919861,
        0.5321098566055298,
        0.6911662817001343
    ],
    "quat": [
        -0.06320437043905258,
        -0.5372464656829834,
        -0.45879659056663513,
        0.7052397131919861
    ],
    "euler_rotation_xyz": [
        44.20233019660867,
        -54.62443591783358,
        -89.77943126530808
    ]
}