{
    "cam2": [
        -0.274517297744751,
        -0.2676244378089905,
        0.17464876174926758,
        -0.14367401599884033,
        0.11591827124357224,
        -0.025208614766597748,
        0.96349036693573,
        0.5586619973182678,
        0.7260831594467163
    ],
    "quat": [
        -0.14367401599884033,
        0.11591827124357224,
        -0.025208614766597748,
        0.96349036693573
    ],
    "euler_rotation_xyz": [
        -17.53202172689324,
        12.969127883729335,
        -5.00569910650215
    ]
}