{
    "cam2": [
        0.15276944637298584,
        -0.9778478145599365,
        1.160597801208496,
        0.010692641139030457,
        -0.6880308389663696,
        -0.5638317465782166,
        0.13944856822490692,
        0.5233653783798218,
        0.6766687631607056
    ],
    "quat": [
        0.010692641139030457,
        -0.6880308389663696,
        -0.5638317465782166,
        0.13944856822490692
    ],
    "euler_rotation_xyz": [
        99.91553694365115,
        -12.81368738693023,
        -167.43803666398532
    ]
}