{
    "cam2": [
        -0.5247499942779541,
        -0.16706126928329468,
        0.7038459181785583,
        -0.20041291415691376,
        0.2376013547182083,
        -0.05574432760477066,
        0.8119839429855347,
        0.5656318664550781,
        0.7249699234962463
    ],
    "r_matrix": [
        [
            0.8430611491203308,
            -0.006204855162650347,
            0.537781834602356
        ],
        [
            -0.24473348259925842,
            0.8859810829162598,
            0.39388206601142883
        ],
        [
            -0.4789085388183594,
            -0.4636799097061157,
            0.7454177141189575
        ]
    ],
    "euler_rotation_xyz": [
        -31.883279601201146,
        28.61414070447244,
        -16.187561435165993
    ]
}