{
    "cam2": [
        0.005952166859060526,
        -1.0254321098327637,
        1.027076244354248,
        0.002361491322517395,
        -0.7027990221977234,
        -0.705466091632843,
        0.0030657118186354637,
        0.5392529368400574,
        0.7000724673271179
    ],
    "quat": [
        0.002361491322517395,
        -0.7027990221977234,
        -0.705466091632843,
        0.0030657118186354637
    ],
    "euler_rotation_xyz": [
        89.78276121420951,
        -0.05646552726509129,
        -179.5582796643298
    ]
}