{
    "cam2": [
        0.5163124203681946,
        -0.7844566106796265,
        0.801366925239563,
        -0.083009272813797,
        -0.6121886372566223,
        -0.5399477481842041,
        0.5321356654167175,
        0.557690441608429,
        0.7230256199836731
    ],
    "r_matrix": [
        [
            -0.3934217691421509,
            0.7071325182914734,
            -0.5875227451324463
        ],
        [
            -0.4945915639400482,
            0.3759072422981262,
            0.7836280465126038
        ],
        [
            0.7749829292297363,
            0.5988800525665283,
            0.20185178518295288
        ]
    ],
    "euler_rotation_xyz": [
        71.37367956808225,
        -50.803484022112016,
        -128.5004114936002
    ]
}