{
    "cam2": [
        -0.7310784459114075,
        -0.5298964381217957,
        0.5191827416419983,
        -0.004332202021032572,
        0.4899773895740509,
        0.5052419900894165,
        0.7093074917793274,
        0.5388944745063782,
        0.702224850654602
    ],
    "r_matrix": [
        [
            0.007800400257110596,
            -0.7220844626426697,
            0.6917608976364136
        ],
        [
            0.7135809063911438,
            0.4886478781700134,
            0.5020214915275574
        ],
        [
            -0.7005294561386108,
            0.48971137404441833,
            0.5190773606300354
        ]
    ],
    "euler_rotation_xyz": [
        43.332583894772185,
        44.46949540329957,
        89.37370425395618
    ]
}