{
    "cam2": [
        -0.7291104793548584,
        -0.5303540229797363,
        0.5179319381713867,
        -0.005145911127328873,
        0.4942546486854553,
        0.5044032335281372,
        0.7071465849876404,
        0.5291043519973755,
        0.6896095871925354
    ],
    "r_matrix": [
        [
            0.0013741254806518555,
            -0.7193289995193481,
            0.6946682333946228
        ],
        [
            0.7091431617736816,
            0.4904868006706238,
            0.5064964294433594
        ],
        [
            -0.7050631642341614,
            0.49192318320274353,
            0.5107812881469727
        ]
    ],
    "euler_rotation_xyz": [
        43.92255464835668,
        44.83464714941489,
        89.88897584441814
    ]
}