{
    "cam2": [
        0.21260932087898254,
        -0.5247108340263367,
        0.5805739760398865,
        0.062187399715185165,
        -0.13512052595615387,
        -0.030985793098807335,
        0.668750524520874,
        0.5666891932487488,
        0.7353426218032837
    ],
    "quat": [
        0.062187399715185165,
        -0.13512052595615387,
        -0.030985793098807335,
        0.668750524520874
    ],
    "euler_rotation_xyz": [
        12.126925754535211,
        -22.090418690423473,
        -7.681378363986912
    ]
}