{
    "cam2": [
        -0.5247499942779541,
        -0.16706126928329468,
        0.7038459181785583,
        -0.20041291415691376,
        0.2376013547182083,
        -0.05574432760477066,
        0.8119839429855347,
        0.5656318664550781,
        0.7249699234962463
    ],
    "quat": [
        -0.20041291415691376,
        0.2376013547182083,
        -0.05574432760477066,
        0.8119839429855347
    ],
    "euler_rotation_xyz": [
        -31.883284183538535,
        28.614143502196605,
        -16.18756446416624
    ]
}