{
    "cam2": [
        -0.8578310608863831,
        0.247617706656456,
        1.1713848114013672,
        -0.004423974547535181,
        0.799625039100647,
        -0.1372017115354538,
        0.5583444237709045,
        0.5554311275482178,
        0.7261849045753479
    ],
    "r_matrix": [
        [
            -0.357174277305603,
            0.15065743029117584,
            0.9218074083328247
        ],
        [
            -0.16524524986743927,
            0.961146354675293,
            -0.22111473977565765
        ],
        [
            -0.919304370880127,
            -0.23130080103874207,
            -0.3184013366699219
        ]
    ],
    "euler_rotation_xyz": [
        -144.00368810257893,
        66.82459747672144,
        -155.1725677537192
    ]
}