{
    "cam2": [
        -0.9376562833786011,
        0.396598219871521,
        0.879659116268158,
        0.5381632447242737,
        0.4015132188796997,
        0.3730399012565613,
        0.641953706741333,
        0.583658754825592,
        0.7559484243392944
    ],
    "r_matrix": [
        [
            0.4005131721496582,
            -0.046691518276929855,
            0.9151005744934082
        ],
        [
            0.9092023968696594,
            0.14423668384552002,
            -0.3905722498893738
        ],
        [
            -0.11375463008880615,
            0.988440990447998,
            0.10022073984146118
        ]
    ],
    "euler_rotation_xyz": [
        84.21040994331715,
        6.531800510387319,
        66.2260073565337
    ]
}