{
    "cam2": [
        -0.7034878730773926,
        -0.5114644169807434,
        0.496078759431839,
        -0.004465138074010611,
        0.4930005669593811,
        0.5053990483283997,
        0.7077468633651733,
        0.5403386354446411,
        0.7038499712944031
    ],
    "r_matrix": [
        [
            0.0024492740631103516,
            -0.7202215194702148,
            0.6937397718429565
        ],
        [
            0.7114109992980957,
            0.48879873752593994,
            0.504945695400238
        ],
        [
            -0.7027718424797058,
            0.49229738116264343,
            0.5135707855224609
        ]
    ],
    "euler_rotation_xyz": [
        43.78841640975272,
        44.649818830525334,
        89.80273922180916
    ]
}