{
    "cam2": [
        0.39150235056877136,
        -0.3289022743701935,
        0.3197311460971832,
        -0.056372735649347305,
        -0.2377295047044754,
        -0.08883525431156158,
        0.8965754508972168,
        0.5652537941932678,
        0.7259063720703125
    ],
    "r_matrix": [
        [
            0.8521812558174133,
            0.21355405449867249,
            -0.4776836931705475
        ],
        [
            -0.15203942358493805,
            0.9745944738388062,
            0.16446752846240997
        ],
        [
            0.5006706118583679,
            -0.06752938777208328,
            0.8629997968673706
        ]
    ],
    "euler_rotation_xyz": [
        -4.4742548375067965,
        -30.044378274739884,
        -10.115823116312203
    ]
}