{
    "cam2": [
        -0.3798716962337494,
        -0.03719077259302139,
        0.062139417976140976,
        0.011225530877709389,
        0.17786401510238647,
        0.16036143898963928,
        0.9715549349784851,
        0.5281921029090881,
        0.686869740486145
    ],
    "quat": [
        0.011225530877709389,
        0.17786401510238647,
        0.16036143898963928,
        0.9715549349784851
    ],
    "euler_rotation_xyz": [
        4.8061929998399675,
        19.970246745612254,
        19.591726852066934
    ]
}