{
    "cam2": [
        0.3201817274093628,
        -0.3512171506881714,
        0.9923105835914612,
        -0.33384349942207336,
        -0.14898616075515747,
        0.05965476110577583,
        0.6193384528160095,
        0.5723758935928345,
        0.7499958276748657
    ],
    "quat": [
        -0.33384349942207336,
        -0.14898616075515747,
        0.05965476110577583,
        0.6193384528160095
    ],
    "euler_rotation_xyz": [
        -59.555704109944024,
        -16.13356482204653,
        20.27622065963847
    ]
}