{
    "cam2": [
        0.15276944637298584,
        -0.9778478145599365,
        1.160597801208496,
        0.010692641139030457,
        -0.6880308389663696,
        -0.5638317465782166,
        0.13944856822490692,
        0.5233653783798218,
        0.6766687631607056
    ],
    "r_matrix": [
        [
            -0.9517539739608765,
            0.17578691244125366,
            -0.2515222430229187
        ],
        [
            -0.21207891404628754,
            0.2155900001525879,
            0.9531755447387695
        ],
        [
            0.22178144752979279,
            0.9605311155319214,
            -0.1679079532623291
        ]
    ],
    "euler_rotation_xyz": [
        99.91553762742716,
        -12.813686960783663,
        -167.43803679658276
    ]
}