{
    "cam2": [
        -0.2010096311569214,
        -0.43792346119880676,
        0.3566035032272339,
        -0.16154249012470245,
        0.1005583107471466,
        -0.0020421608351171017,
        0.8663364052772522,
        0.5430350303649902,
        0.7014801502227783
    ],
    "quat": [
        -0.16154249012470245,
        0.1005583107471466,
        -0.0020421608351171017,
        0.8663364052772522
    ],
    "euler_rotation_xyz": [
        -21.42545552941957,
        12.745591444237848,
        -2.6909886802571723
    ]
}