{
    "cam2": [
        0.28972870111465454,
        -0.3877451717853546,
        0.2582845985889435,
        -0.0746099129319191,
        -0.16396790742874146,
        -0.13749293982982635,
        0.9291260242462158,
        0.5678747296333313,
        0.7326615452766418
    ],
    "quat": [
        -0.0746099129319191,
        -0.16396790742874146,
        -0.13749293982982635,
        0.9291260242462158
    ],
    "euler_rotation_xyz": [
        -6.28297160158609,
        -20.828035053003504,
        -15.679338740276059
    ]
}