{
    "cam2": [
        0.11109013855457306,
        -0.7468531131744385,
        1.4801493883132935,
        -0.06705738604068756,
        -0.7165799140930176,
        -0.20289698243141174,
        0.20991796255111694,
        0.5427885055541992,
        0.6959248185157776
    ],
    "quat": [
        -0.06705738604068756,
        -0.7165799140930176,
        -0.20289698243141174,
        0.20991796255111694
    ],
    "euler_rotation_xyz": [
        148.74698913784644,
        -32.945923957228565,
        178.76385642404819
    ]
}