{
    "cam2": [
        -0.03199843689799309,
        -0.7721737623214722,
        1.1761679649353027,
        -0.359762579202652,
        -0.08820800483226776,
        -0.021322593092918396,
        0.5426822900772095,
        0.5370109677314758,
        0.6858904957771301
    ],
    "r_matrix": [
        [
            0.9618884325027466,
            0.20040947198867798,
            -0.1860285997390747
        ],
        [
            0.09330872446298599,
            0.3989207148551941,
            0.9122257828712463
        ],
        [
            0.25702935457229614,
            -0.8948175311088562,
            0.36501723527908325
        ]
    ],
    "euler_rotation_xyz": [
        -67.80828966754527,
        -14.893866478332063,
        5.54068501630258
    ]
}