{
    "cam2": [
        0.5325663685798645,
        -0.658896267414093,
        0.8382150530815125,
        -0.10564906895160675,
        -0.5299867391586304,
        -0.2243804633617401,
        0.6724267601966858,
        0.5530303716659546,
        0.7125570178031921
    ],
    "quat": [
        -0.10564906895160675,
        -0.5299867391586304,
        -0.2243804633617401,
        0.6724267601966858
    ],
    "euler_rotation_xyz": [
        24.46486583938323,
        -73.08203750749159,
        -55.16117187479891
    ]
}