{
    "cam2": [
        0.7320749163627625,
        -0.5254782438278198,
        0.511080801486969,
        0.0003174837911501527,
        -0.49286893010139465,
        -0.5070324540138245,
        0.707334578037262,
        0.5456331372261047,
        0.7082892060279846
    ],
    "r_matrix": [
        [
            0.0003205537796020508,
            0.7167379856109619,
            -0.6973424553871155
        ],
        [
            -0.7173637747764587,
            0.4860025644302368,
            0.49919024109840393
        ],
        [
            0.6966988444328308,
            0.5000882148742676,
            0.5143175721168518
        ]
    ],
    "euler_rotation_xyz": [
        44.19634576331049,
        -44.162745042130986,
        -89.9743994496099
    ]
}