{
    "cam2": [
        0.004447298124432564,
        -1.0151773691177368,
        0.9961387515068054,
        0.0016399495070800185,
        -0.6928015947341919,
        -0.7146148085594177,
        0.0023915686178952456,
        0.5583202838897705,
        0.7261339426040649
    ],
    "r_matrix": [
        [
            -0.9999830722808838,
            0.0011565877357497811,
            -0.005710988771170378
        ],
        [
            -0.005744088441133499,
            -0.030986666679382324,
            0.9995033144950867
        ],
        [
            0.0009790481999516487,
            0.9995191693305969,
            0.030992865562438965
        ]
    ],
    "euler_rotation_xyz": [
        88.22395673761424,
        -0.05609535189258856,
        -179.67088601832384
    ]
}