{
    "cam2": [
        -0.23937906324863434,
        -0.48159119486808777,
        1.3830716609954834,
        0.035178255289793015,
        0.44843828678131104,
        0.09806304425001144,
        0.4150961637496948,
        0.52576744556427,
        0.6836639046669006
    ],
    "quat": [
        0.035178255289793015,
        0.44843828678131104,
        0.09806304425001144,
        0.4150961637496948
    ],
    "euler_rotation_xyz": [
        99.8840390310112,
        71.97197010073708,
        108.21418516094192
    ]
}