{
    "cam2": [
        -0.1525060385465622,
        0.5161686539649963,
        0.8085530996322632,
        0.20728591084480286,
        0.15931294858455658,
        -0.09455474466085434,
        0.7307886481285095,
        0.5679588317871094,
        0.7356454730033875
    ],
    "quat": [
        0.20728591084480286,
        0.15931294858455658,
        -0.09455474466085434,
        0.7307886481285095
    ],
    "euler_rotation_xyz": [
        29.891294941719984,
        26.423475275482204,
        -7.573132276723695
    ]
}