{
    "cam2": [
        -0.730919599533081,
        -0.6008619070053101,
        0.606227695941925,
        -0.05859788879752159,
        0.5373721718788147,
        0.4584500789642334,
        0.7044553756713867,
        0.5274865031242371,
        0.6854396462440491
    ],
    "quat": [
        -0.05859788879752159,
        0.5373721718788147,
        0.4584500789642334,
        0.7044553756713867
    ],
    "euler_rotation_xyz": [
        44.71686569292298,
        54.28640079965485,
        89.92670047461849
    ]
}