{
    "cam2": [
        -0.8933773636817932,
        0.22595208883285522,
        1.1056418418884277,
        -0.09629479050636292,
        0.6846338510513306,
        -0.2231677919626236,
        0.6356372237205505,
        0.5528936386108398,
        0.7210884690284729
    ],
    "quat": [
        -0.09629479050636292,
        0.6846338510513306,
        -0.2231677919626236,
        0.6356372237205505
    ],
    "euler_rotation_xyz": [
        -93.23057307620047,
        62.61075889766028,
        -104.20867417164456
    ]
}