{
    "cam2": [
        -0.7309635281562805,
        -0.5603958368301392,
        0.5579612255096436,
        -0.029300322756171227,
        0.5186265110969543,
        0.47863879799842834,
        0.7065626382827759,
        0.5287686586380005,
        0.6881344318389893
    ],
    "quat": [
        -0.029300322756171227,
        0.5186265110969543,
        0.47863879799842834,
        0.7065626382827759
    ],
    "euler_rotation_xyz": [
        44.78492002224181,
        49.67066964530899,
        89.82077286572726
    ]
}