{
    "cam2": [
        0.855869710445404,
        -0.592031717300415,
        0.9987832307815552,
        -0.5945143699645996,
        -0.344034880399704,
        0.3035104274749756,
        0.6598042249679565,
        0.5670516490936279,
        0.7348669171333313
    ],
    "quat": [
        -0.5945143699645996,
        -0.344034880399704,
        0.3035104274749756,
        0.6598042249679565
    ],
    "euler_rotation_xyz": [
        -86.79337202914536,
        -5.3464020653300635,
        54.460573705863105
    ]
}