{
    "cam2": [
        0.722793698310852,
        -0.43022340536117554,
        0.4342440664768219,
        0.05442669615149498,
        -0.45733293890953064,
        -0.5432156920433044,
        0.7014673948287964,
        0.5276564359664917,
        0.6853837370872498
    ],
    "r_matrix": [
        [
            -0.009224891662597656,
            0.712844729423523,
            -0.7012613415718079
        ],
        [
            -0.8124833703041077,
            0.40346473455429077,
            0.420817106962204
        ],
        [
            0.582911491394043,
            0.5736451148986816,
            0.5754525661468506
        ]
    ],
    "euler_rotation_xyz": [
        44.90987906944345,
        -35.65557834917901,
        -90.65050406136827
    ]
}