{
    "cam2": [
        -0.7482384443283081,
        -0.502240002155304,
        0.7851232886314392,
        -0.47070980072021484,
        0.32453855872154236,
        -0.25716307759284973,
        0.7151908278465271,
        0.5334658026695251,
        0.688961386680603
    ],
    "quat": [
        -0.47070980072021484,
        0.32453855872154236,
        -0.25716307759284973,
        0.7151908278465271
    ],
    "euler_rotation_xyz": [
        -73.38376220945453,
        14.21498163123084,
        -50.170973239490806
    ]
}