{
    "cam2": [
        0.09458103030920029,
        0.20319031178951263,
        1.4713207483291626,
        0.24686600267887115,
        -0.14176233112812042,
        -0.03398922085762024,
        0.44784775376319885,
        0.5635185241699219,
        0.718937337398529
    ],
    "r_matrix": [
        [
            0.8496841192245483,
            -0.1398652344942093,
            -0.5084039568901062
        ],
        [
            -0.3551980257034302,
            0.5607752799987793,
            -0.7479074001312256
        ],
        [
            0.389706552028656,
            0.8160690665245056,
            0.42680197954177856
        ]
    ],
    "euler_rotation_xyz": [
        62.39055130715473,
        -22.936244327876047,
        -22.686652364394167
    ]
}