{
    "cam2": [
        -0.6279996037483215,
        -0.6553524732589722,
        0.8549187779426575,
        -0.049136627465486526,
        0.6060402989387512,
        0.392062246799469,
        0.5950576663017273,
        0.5338031053543091,
        0.6960593461990356
    ],
    "r_matrix": [
        [
            -0.18745136260986328,
            -0.5996050834655762,
            0.7780333757400513
        ],
        [
            0.46386224031448364,
            0.644156813621521,
            0.608189046382904
        ],
        [
            -0.8658486604690552,
            0.4749061167240143,
            0.15738606452941895
        ]
    ],
    "euler_rotation_xyz": [
        71.66456674150157,
        59.97974793356257,
        112.00412587817357
    ]
}