{
    "cam2": [
        -0.20682501792907715,
        -0.6101479530334473,
        0.6702562570571899,
        -0.004273028112947941,
        0.10505591332912445,
        0.06711621582508087,
        0.637969434261322,
        0.5400309562683105,
        0.6996468305587769
    ],
    "r_matrix": [
        [
            0.9264428019523621,
            -0.2047828882932663,
            0.31586021184921265
        ],
        [
            0.20053350925445557,
            0.9785933494567871,
            0.04627465829253197
        ],
        [
            -0.3185749351978302,
            0.02046973817050457,
            0.9476765990257263
        ]
    ],
    "euler_rotation_xyz": [
        1.2373916410981582,
        18.57676622536777,
        12.213558621561285
    ]
}