{
    "cam2": [
        0.3641364574432373,
        -0.6808755993843079,
        0.6833687424659729,
        -0.03856782242655754,
        -0.40539729595184326,
        -0.3499796390533447,
        0.6214142441749573,
        0.5392175316810608,
        0.6961893439292908
    ],
    "quat": [
        -0.03856782242655754,
        -0.40539729595184326,
        -0.3499796390533447,
        0.6214142441749573
    ],
    "euler_rotation_xyz": [
        34.52538711156484,
        -51.90916188113332,
        -75.97886495424632
    ]
}