{
    "cam2": [
        -0.6018891334533691,
        -0.8731102347373962,
        1.0412664413452148,
        0.03667161986231804,
        0.7118065357208252,
        0.5838645696640015,
        0.37783950567245483,
        0.5195034146308899,
        0.6782184839248657
    ],
    "r_matrix": [
        [
            -0.7093651294708252,
            -0.3922741413116455,
            0.5855955481529236
        ],
        [
            0.4975631535053253,
            0.30976778268814087,
            0.8102313876152039
        ],
        [
            -0.4992314279079437,
            0.8661206960678101,
            -0.02455735206604004
        ]
    ],
    "euler_rotation_xyz": [
        91.62408593006894,
        29.949163573688548,
        144.95339864493187
    ]
}