{
    "cam2": [
        -0.730919599533081,
        -0.6008619070053101,
        0.606227695941925,
        -0.05859788879752159,
        0.5373721718788147,
        0.4584500789642334,
        0.7044553756713867,
        0.5274865031242371,
        0.6854396462440491
    ],
    "r_matrix": [
        [
            0.0007466673851013184,
            -0.7098610401153564,
            0.704341471195221
        ],
        [
            0.5837335586547852,
            0.5721962451934814,
            0.5760614275932312
        ],
        [
            -0.8119450211524963,
            0.41071751713752747,
            0.4147968292236328
        ]
    ],
    "euler_rotation_xyz": [
        44.71687254434047,
        54.28640029576163,
        89.92671157413415
    ]
}