{
    "cam2": [
        -0.4524759352207184,
        -0.6249200105667114,
        0.6175275444984436,
        0.007825976237654686,
        0.40870487689971924,
        0.3411485552787781,
        0.5712805986404419,
        0.5555692911148071,
        0.7185999751091003
    ],
    "quat": [
        0.007825976237654686,
        0.40870487689971924,
        0.3411485552787781,
        0.5712805986404419
    ],
    "euler_rotation_xyz": [
        46.23602559552236,
        49.197298118713334,
        83.80545727430479
    ]
}