{
    "cam2": [
        -0.4364643692970276,
        -0.24207843840122223,
        1.2307864427566528,
        -0.10284613817930222,
        0.557094156742096,
        -0.015877680853009224,
        0.598038911819458,
        0.5327553153038025,
        0.6887872219085693
    ],
    "r_matrix": [
        [
            0.0848836898803711,
            -0.14082829654216766,
            0.9863883256912231
        ],
        [
            -0.19677995145320892,
            0.9680940508842468,
            0.15515026450157166
        ],
        [
            -0.9767662286758423,
            -0.20727118849754333,
            0.054463207721710205
        ]
    ],
    "euler_rotation_xyz": [
        -75.2775966696016,
        77.62511249713744,
        -66.6663942018743
    ]
}