{
    "cam2": [
        0.6987317800521851,
        -0.4789700508117676,
        0.4809374213218689,
        0.024320216849446297,
        -0.47398126125335693,
        -0.5165930986404419,
        0.7064257860183716,
        0.529419481754303,
        0.6904338598251343
    ],
    "r_matrix": [
        [
            0.008174479007720947,
            0.7131218910217285,
            -0.7009923458099365
        ],
        [
            -0.7596426606178284,
            0.4603068232536316,
            0.4594133198261261
        ],
        [
            0.6502893567085266,
            0.5287482738494873,
            0.5454806089401245
        ]
    ],
    "euler_rotation_xyz": [
        44.10762480425785,
        -40.56341854776137,
        -89.38346783115138
    ]
}