{
    "cam2": [
        -0.5006785988807678,
        0.20922917127609253,
        1.3146063089370728,
        0.18085874617099762,
        0.5161689519882202,
        -0.0033681713975965977,
        0.5590407848358154,
        0.5565752983093262,
        0.7258179783821106
    ],
    "r_matrix": [
        [
            0.12881731986999512,
            0.31139451265335083,
            0.9415092468261719
        ],
        [
            0.2990811765193939,
            0.8930116295814514,
            -0.33627474308013916
        ],
        [
            -0.9454927444458008,
            0.32490572333335876,
            0.02190309762954712
        ]
    ],
    "euler_rotation_xyz": [
        86.14331196398032,
        70.9954553272775,
        66.69796429429984
    ]
}