{
    "cam2": [
        -0.06608059257268906,
        0.03252297267317772,
        1.414811134338379,
        -0.027120737358927727,
        0.3611055612564087,
        0.012306345626711845,
        0.5183315277099609,
        0.5694693326950073,
        0.7356535792350769
    ],
    "quat": [
        -0.027120737358927727,
        0.3611055612564087,
        0.012306345626711845,
        0.5183315277099609
    ],
    "euler_rotation_xyz": [
        -7.949696858521895,
        69.65955605971513,
        -2.815745089383764
    ]
}