{
    "cam2": [
        0.0005141107831150293,
        -1.028710126876831,
        1.0143259763717651,
        0.001719919266179204,
        -0.6842517256736755,
        -0.7013293504714966,
        0.0006089127855375409,
        0.5609365701675415,
        0.7295464873313904
    ],
    "r_matrix": [
        [
            -0.9999933242797852,
            -0.0015619945479556918,
            -0.003380764741450548
        ],
        [
            -0.003341239644214511,
            -0.024649500846862793,
            0.9996907114982605
        ],
        [
            -0.0016448450041934848,
            0.9996950030326843,
            0.024643898010253906
        ]
    ],
    "euler_rotation_xyz": [
        88.58785782391088,
        0.09424271459524446,
        -179.80856048939074
    ]
}