{
    "cam2": [
        0.010456489399075508,
        -0.9981958270072937,
        0.9961804151535034,
        -0.0003289401938673109,
        -0.600732147693634,
        -0.6017160415649414,
        0.0401240810751915,
        0.5313288569450378,
        0.6911801099777222
    ],
    "quat": [
        -0.0003289401938673109,
        -0.600732147693634,
        -0.6017160415649414,
        0.0401240810751915
    ],
    "euler_rotation_xyz": [
        89.77864384514925,
        -3.8463368994413916,
        -176.201532030197
    ]
}