{
    "cam2": [
        -0.6018891334533691,
        -0.8731102347373962,
        1.0412664413452148,
        0.03667161986231804,
        0.7118065357208252,
        0.5838645696640015,
        0.37783950567245483,
        0.5195034146308899,
        0.6782184839248657
    ],
    "quat": [
        0.03667161986231804,
        0.7118065357208252,
        0.5838645696640015,
        0.37783950567245483
    ],
    "euler_rotation_xyz": [
        91.62408356795788,
        29.949162897786966,
        144.95339743004337
    ]
}