{
    "cam2": [
        -0.0861240103840828,
        -0.406520277261734,
        0.3777619004249573,
        -0.08986052870750427,
        0.017814336344599724,
        0.06090390309691429,
        0.8840848207473755,
        0.549760103225708,
        0.7093209624290466
    ],
    "quat": [
        -0.08986052870750427,
        0.017814336344599724,
        0.06090390309691429,
        0.8840848207473755
    ],
    "euler_rotation_xyz": [
        -11.404505540868039,
        3.0654242615249734,
        7.575505357286515
    ]
}