{
    "cam2": [
        -0.7149835228919983,
        -0.5150086283683777,
        0.4867609143257141,
        -0.003669179044663906,
        0.4841691851615906,
        0.5075379610061646,
        0.7125535607337952,
        0.541340708732605,
        0.7048767805099487
    ],
    "quat": [
        -0.003669179044663906,
        0.4841691851615906,
        0.5075379610061646,
        0.7125535607337952
    ],
    "euler_rotation_xyz": [
        42.48619307407956,
        43.93831719896184,
        88.74788262512195
    ]
}