{
    "cam2": [
        -0.8308770060539246,
        -0.5266656279563904,
        0.7365779280662537,
        -0.5041294097900391,
        0.3208106458187103,
        -0.33487468957901,
        0.7202497124671936,
        0.5592857003211975,
        0.7215551733970642
    ],
    "quat": [
        -0.5041294097900391,
        0.3208106458187103,
        -0.33487468957901,
        0.7202497124671936
    ],
    "euler_rotation_xyz": [
        -73.77578632824263,
        7.23870665574873,
        -55.30717607708166
    ]
}