{
    "cam2": [
        -0.4667847156524658,
        -0.7008222341537476,
        0.7401948571205139,
        -0.21546432375907898,
        0.2992030382156372,
        0.09801700711250305,
        0.7888990044593811,
        0.5256146788597107,
        0.6847352981567383
    ],
    "r_matrix": [
        [
            0.7418213486671448,
            -0.36929312348365784,
            0.5597532391548157
        ],
        [
            0.03348787873983383,
            0.8540669083595276,
            0.519084095954895
        ],
        [
            -0.6697608828544617,
            -0.36632272601127625,
            0.6459318995475769
        ]
    ],
    "euler_rotation_xyz": [
        -29.55856132176858,
        42.04861276665521,
        2.5847358811985437
    ]
}