{
    "cam2": [
        0.7104102373123169,
        -0.3759396970272064,
        0.35635775327682495,
        -0.005287210922688246,
        -0.4198775589466095,
        -0.4081170856952667,
        0.8119561076164246,
        0.5293000936508179,
        0.6884043216705322
    ],
    "quat": [
        -0.005287210922688246,
        -0.4198775589466095,
        -0.4081170856952667,
        0.8119561076164246
    ],
    "euler_rotation_xyz": [
        27.223100834951847,
        -43.21066372619717,
        -64.32668284683692
    ]
}