{
    "cam2": [
        -0.4394616484642029,
        -0.1524951457977295,
        1.1522531509399414,
        -0.13475151360034943,
        0.46501773595809937,
        -0.02554241754114628,
        0.6124667525291443,
        0.5422648787498474,
        0.7012349367141724
    ],
    "r_matrix": [
        [
            0.28906750679016113,
            -0.1541149616241455,
            0.9448219537734985
        ],
        [
            -0.25666964054107666,
            0.9383435249328613,
            0.23158609867095947
        ],
        [
            -0.9222584962844849,
            -0.3094511330127716,
            0.23168796300888062
        ]
    ],
    "euler_rotation_xyz": [
        -53.177574865744624,
        67.25852015354246,
        -41.60260584189164
    ]
}