{
    "cam2": [
        0.28972870111465454,
        -0.3877451717853546,
        0.2582845985889435,
        -0.0746099129319191,
        -0.16396790742874146,
        -0.13749293982982635,
        0.9291260242462158,
        0.5678747296333313,
        0.7326615452766418
    ],
    "r_matrix": [
        [
            0.8998727202415466,
            0.30609461665153503,
            -0.3107011020183563
        ],
        [
            -0.25259271264076233,
            0.9464900493621826,
            0.20088185369968414
        ],
        [
            0.3555643558502197,
            -0.10228727757930756,
            0.9290378093719482
        ]
    ],
    "euler_rotation_xyz": [
        -6.282972120053984,
        -20.828036594600558,
        -15.679338738239323
    ]
}