{
    "cam2": [
        0.5413783192634583,
        -0.5972648859024048,
        0.5482794642448425,
        -0.04213679954409599,
        -0.48064014315605164,
        -0.5584408044815063,
        0.6579887270927429,
        0.5582107901573181,
        0.7230170369148254
    ],
    "quat": [
        -0.04213679954409599,
        -0.48064014315605164,
        -0.5584408044815063,
        0.6579887270927429
    ],
    "euler_rotation_xyz": [
        43.23287325249373,
        -44.038985581984974,
        -98.85229920007
    ]
}