{
    "cam2": [
        -0.002487713471055031,
        -1.0205000638961792,
        0.9487449526786804,
        -0.004227891564369202,
        -0.6290217638015747,
        -0.6917062997817993,
        -0.0001906401594169438,
        0.5648382902145386,
        0.7302728295326233
    ],
    "quat": [
        -0.004227891564369202,
        -0.6290217638015747,
        -0.6917062997817993,
        -0.0001906401594169438
    ],
    "euler_rotation_xyz": [
        84.56649560277474,
        -0.367650103423163,
        179.6340779801251
    ]
}