{
    "cam2": [
        -0.452668160200119,
        0.6308303475379944,
        1.5234715938568115,
        0.07249923795461655,
        0.8766672015190125,
        -0.32526496052742004,
        0.30609872937202454,
        0.5673189759254456,
        0.7403956055641174
    ],
    "r_matrix": [
        [
            -0.796664834022522,
            0.33519303798675537,
            0.5029619932174683
        ],
        [
            -0.07398676127195358,
            0.7717990875244141,
            -0.6315473914146423
        ],
        [
            -0.5998759269714355,
            -0.5403441786766052,
            -0.5900652408599854
        ]
    ],
    "euler_rotation_xyz": [
        -137.51853559369968,
        36.86101179266377,
        -174.6941220520801
    ]
}