{
    "cam2": [
        -0.7310784459114075,
        -0.5298964381217957,
        0.5191827416419983,
        -0.004332202021032572,
        0.4899773895740509,
        0.5052419900894165,
        0.7093074917793274,
        0.5388944745063782,
        0.702224850654602
    ],
    "quat": [
        -0.004332202021032572,
        0.4899773895740509,
        0.5052419900894165,
        0.7093074917793274
    ],
    "euler_rotation_xyz": [
        43.33258484689811,
        44.469497503813734,
        89.37370435640196
    ]
}