{
    "cam2": [
        -0.18025994300842285,
        -0.695589542388916,
        0.8597776293754578,
        -0.0385093055665493,
        0.23887132108211517,
        0.14347310364246368,
        0.5999306440353394,
        0.5192608833312988,
        0.6852675080299377
    ],
    "r_matrix": [
        [
            0.6463038921356201,
            -0.4340008497238159,
            0.6276420950889587
        ],
        [
            0.3501935303211212,
            0.8994747400283813,
            0.261361300945282
        ],
        [
            -0.6779792308807373,
            0.050877369940280914,
            0.7333182692527771
        ]
    ],
    "euler_rotation_xyz": [
        3.9688017617569513,
        42.68593260487793,
        28.450622367590356
    ]
}