{
    "cam2": [
        0.0016690902411937714,
        -1.0395410060882568,
        1.0078237056732178,
        0.0009115652646869421,
        -0.6840572357177734,
        -0.7147276401519775,
        0.0017624510219320655,
        0.5610401034355164,
        0.7295255661010742
    ],
    "r_matrix": [
        [
            -0.9999918937683105,
            0.0012998090824112296,
            -0.003794825868681073
        ],
        [
            -0.0038481520023196936,
            -0.04382932186126709,
            0.9990315437316895
        ],
        [
            0.0011322256177663803,
            0.9990381598472595,
            0.043834030628204346
        ]
    ],
    "euler_rotation_xyz": [
        87.48769003750355,
        -0.06487176891145502,
        -179.7795164356344
    ]
}