{
    "cam2": [
        -0.20682501792907715,
        -0.6101479530334473,
        0.6702562570571899,
        -0.004273028112947941,
        0.10505591332912445,
        0.06711621582508087,
        0.637969434261322,
        0.5400309562683105,
        0.6996468305587769
    ],
    "quat": [
        -0.004273028112947941,
        0.10505591332912445,
        0.06711621582508087,
        0.637969434261322
    ],
    "euler_rotation_xyz": [
        1.2373920001221788,
        18.57676710211955,
        12.213559935462522
    ]
}