{
    "cam2": [
        -0.7382391095161438,
        -0.5266280174255371,
        0.5144105553627014,
        0.0007778743165545166,
        0.49521520733833313,
        0.5046020746231079,
        0.7061826586723328,
        0.5276387333869934,
        0.6866954565048218
    ],
    "r_matrix": [
        [
            -0.0011686086654663086,
            -0.7129416465759277,
            0.7012225389480591
        ],
        [
            0.7144847512245178,
            0.49001580476760864,
            0.49939581751823425
        ],
        [
            -0.6996501684188843,
            0.5015962719917297,
            0.5088132619857788
        ]
    ],
    "euler_rotation_xyz": [
        44.59076682809495,
        44.39893876304859,
        90.09370994129313
    ]
}