{
    "cam2": [
        -0.274517297744751,
        -0.2676244378089905,
        0.17464876174926758,
        -0.14367401599884033,
        0.11591827124357224,
        -0.025208614766597748,
        0.96349036693573,
        0.5586619973182678,
        0.7260831594467163
    ],
    "r_matrix": [
        [
            0.9707744717597961,
            0.015853768214583397,
            0.2394694983959198
        ],
        [
            -0.08502905815839767,
            0.9558108448982239,
            0.28141722083091736
        ],
        [
            -0.2244260311126709,
            -0.29355448484420776,
            0.9292247891426086
        ]
    ],
    "euler_rotation_xyz": [
        -17.532021267311716,
        12.969128680833169,
        -5.0056990495087765
    ]
}