{
    "cam2": [
        0.0014154764357954264,
        -1.0348435640335083,
        1.104823350906372,
        -0.0003181833017151803,
        0.7241363525390625,
        0.6750128269195557,
        -0.0004695984534919262,
        0.5242990851402283,
        0.6811566948890686
    ],
    "r_matrix": [
        [
            -0.9999991655349731,
            0.00017668459622655064,
            -0.001132289762608707
        ],
        [
            -0.001117110368795693,
            0.07013285160064697,
            0.9975370168685913
        ],
        [
            0.0002556600666139275,
            0.9975376129150391,
            -0.07013249397277832
        ]
    ],
    "euler_rotation_xyz": [
        94.02160079242016,
        -0.014648246643396584,
        -179.9359942697986
    ]
}