{
    "cam2": [
        -0.0861240103840828,
        -0.406520277261734,
        0.3777619004249573,
        -0.08986052870750427,
        0.017814336344599724,
        0.06090390309691429,
        0.8840848207473755,
        0.549760103225708,
        0.7093209624290466
    ],
    "r_matrix": [
        [
            0.9898536205291748,
            -0.13971146941184998,
            0.025894995778799057
        ],
        [
            0.13164399564266205,
            0.9703059196472168,
            0.20291930437088013
        ],
        [
            -0.05347622558474541,
            -0.19745148718357086,
            0.9788529872894287
        ]
    ],
    "euler_rotation_xyz": [
        -11.40450540695565,
        3.06542417120105,
        7.575505681317743
    ]
}