{
    "cam2": [
        0.009100130759179592,
        -1.0325373411178589,
        1.0107065439224243,
        0.0016672557685524225,
        -0.6934192180633545,
        -0.714651882648468,
        0.004490441642701626,
        0.5604036450386047,
        0.7256532311439514
    ],
    "r_matrix": [
        [
            -0.9999536275863647,
            0.004140854813158512,
            -0.008683644235134125
        ],
        [
            -0.008804550394415855,
            -0.030133485794067383,
            0.9995071291923523
        ],
        [
            0.0038771459367126226,
            0.9995372891426086,
            0.030168473720550537
        ]
    ],
    "euler_rotation_xyz": [
        88.27119630443278,
        -0.22214465098187758,
        -179.49552611537715
    ]
}