{
    "cam2": [
        0.0026499517261981964,
        -1.012498140335083,
        0.9916924238204956,
        0.0025715262163430452,
        -0.6799163818359375,
        -0.6940129399299622,
        0.003728357842192054,
        0.5491848587989807,
        0.7155450582504272
    ],
    "r_matrix": [
        [
            -0.999956488609314,
            0.0017778405454009771,
            -0.009152168408036232
        ],
        [
            -0.009186719544231892,
            -0.020509719848632812,
            0.9997473955154419
        ],
        [
            0.0015896826516836882,
            0.9997880458831787,
            0.020525217056274414
        ]
    ],
    "euler_rotation_xyz": [
        88.82390917708452,
        -0.0910821620340305,
        -179.4736316522637
    ]
}