{
    "cam2": [
        0.8857922554016113,
        -0.24061983823776245,
        0.5414645671844482,
        -0.007375186774879694,
        -0.48715415596961975,
        -0.21622374653816223,
        0.846352219581604,
        0.5514565110206604,
        0.7166868448257446
    ],
    "quat": [
        -0.007375186774879694,
        -0.48715415596961975,
        -0.21622374653816223,
        0.846352219581604
    ],
    "euler_rotation_xyz": [
        20.656346646213525,
        -55.83611186,
        -39.69366805021298
    ]
}