{
    "cam2": [
        -0.10863132774829865,
        -1.0236560106277466,
        1.0508110523223877,
        0.04253421351313591,
        0.6729568243026733,
        0.663659930229187,
        0.053780894726514816,
        0.5560388565063477,
        0.7223811745643616
    ],
    "quat": [
        0.04253421351313591,
        0.6729568243026733,
        0.663659930229187,
        0.053780894726514816
    ],
    "euler_rotation_xyz": [
        90.72385571078352,
        1.0162962530877004,
        171.7633281296754
    ]
}