{
    "cam2": [
        -0.047734759747982025,
        0.1251104176044464,
        0.009600993245840073,
        0.05893873795866966,
        0.022399073466658592,
        0.009985239244997501,
        0.9980945587158203,
        0.5211933851242065,
        0.6783742904663086
    ],
    "r_matrix": [
        [
            0.9987974762916565,
            -0.017287448048591614,
            0.04587752744555473
        ],
        [
            0.022566724568605423,
            0.9928549528121948,
            -0.11717414855957031
        ],
        [
            -0.043524086475372314,
            0.11806854605674744,
            0.9920511245727539
        ]
    ],
    "euler_rotation_xyz": [
        6.787107950896829,
        2.494534549736676,
        1.2943146054285193
    ]
}