{
    "cam2": [
        -0.6283140778541565,
        -0.7656791806221008,
        1.0087774991989136,
        0.03392206132411957,
        0.7081018090248108,
        0.47067791223526,
        0.48425883054733276,
        0.5298437476158142,
        0.6880955100059509
    ],
    "r_matrix": [
        [
            -0.5083318948745728,
            -0.4254308044910431,
            0.7487371563911438
        ],
        [
            0.5256611108779907,
            0.53538978099823,
            0.6610885858535767
        ],
        [
            -0.682113766670227,
            0.7296344637870789,
            -0.04852330684661865
        ]
    ],
    "euler_rotation_xyz": [
        93.8047709068671,
        43.00903669644484,
        134.03984044694369
    ]
}