{
    "cam2": [
        -0.8308770060539246,
        -0.5266656279563904,
        0.7365779280662537,
        -0.5041294097900391,
        0.3208106458187103,
        -0.33487468957901,
        0.7202497124671936,
        0.5592857003211975,
        0.7215551733970642
    ],
    "r_matrix": [
        [
            0.5646401643753052,
            0.16086234152317047,
            0.8095089197158813
        ],
        [
            -0.8156620264053345,
            0.2585023045539856,
            0.5175633430480957
        ],
        [
            -0.1260034292936325,
            -0.952522873878479,
            0.2771701216697693
        ]
    ],
    "euler_rotation_xyz": [
        -73.77578227613901,
        7.238708030747886,
        -55.307172549274064
    ]
}