{
    "cam2": [
        0.1348865032196045,
        -0.10361450910568237,
        1.169424057006836,
        -0.1740158200263977,
        -0.05706576630473137,
        0.05257886275649071,
        0.6295527219772339,
        0.544931948184967,
        0.704850435256958
    ],
    "r_matrix": [
        [
            0.9721660017967224,
            -0.10711384564638138,
            -0.20837442576885223
        ],
        [
            0.1989256590604782,
            0.8472350835800171,
            0.4925660490989685
        ],
        [
            0.1237814724445343,
            -0.5203070044517517,
            0.8449608087539673
        ]
    ],
    "euler_rotation_xyz": [
        -31.623784192370067,
        -7.110392976252927,
        11.56429026627065
    ]
}