{
    "cam2": [
        0.2101859301328659,
        -0.5351512432098389,
        0.6641572117805481,
        0.006438932381570339,
        -0.1817323863506317,
        -0.13709019124507904,
        0.7079455256462097,
        0.5281842947006226,
        0.6847735047340393
    ],
    "r_matrix": [
        [
            0.8126009702682495,
            0.34674063324928284,
            -0.4684554934501648
        ],
        [
            -0.3552040159702301,
            0.9318859577178955,
            0.0736112967133522
        ],
        [
            0.46207112073898315,
            0.10658064484596252,
            0.880415141582489
        ]
    ],
    "euler_rotation_xyz": [
        6.9024832471556845,
        -27.52083506641928,
        -23.611092861469384
    ]
}