{
    "cam2": [
        0.10347728431224823,
        -1.0240540504455566,
        0.9946954846382141,
        0.0007379701128229499,
        -0.6925979852676392,
        -0.7156561613082886,
        0.0708858072757721,
        0.5448161363601685,
        0.7088366150856018
    ],
    "r_matrix": [
        [
            -0.9899178743362427,
            0.10075172781944275,
            -0.09955751150846481
        ],
        [
            -0.1028025895357132,
            -0.027533411979675293,
            0.9943205714225769
        ],
        [
            0.09743836522102356,
            0.994530439376831,
            0.0376133918762207
        ]
    ],
    "euler_rotation_xyz": [
        87.83409256498997,
        -5.591679379814073,
        -174.07110776526116
    ]
}