{
    "cam2": [
        0.0574459470808506,
        -0.025359245017170906,
        -0.1870115101337433,
        -0.020766502246260643,
        -0.006380066275596619,
        0.0046576838940382,
        0.9990023374557495,
        0.5531322360038757,
        0.7175208926200867
    ],
    "r_matrix": [
        [
            0.999875009059906,
            -0.009054678492248058,
            -0.012960298918187618
        ],
        [
            0.009585442021489143,
            0.9990927577018738,
            0.041494403034448624
        ],
        [
            0.012572821229696274,
            -0.04161344841122627,
            0.9990546703338623
        ]
    ],
    "euler_rotation_xyz": [
        -2.3851522321482737,
        -0.7203886069628838,
        0.5492571875017859
    ]
}