{
    "cam2": [
        -0.047734759747982025,
        0.1251104176044464,
        0.009600993245840073,
        0.05893873795866966,
        0.022399073466658592,
        0.009985239244997501,
        0.9980945587158203,
        0.5211933851242065,
        0.6783742904663086
    ],
    "quat": [
        0.05893873795866966,
        0.022399073466658592,
        0.009985239244997501,
        0.9980945587158203
    ],
    "euler_rotation_xyz": [
        6.787108097870766,
        2.494534659561509,
        1.2943146255451146
    ]
}