{
    "cam2": [
        -0.7659898400306702,
        0.13052242994308472,
        1.3731107711791992,
        -0.017309710383415222,
        0.7945780158042908,
        -0.09111353009939194,
        0.5210584998130798,
        0.5305360555648804,
        0.6904419660568237
    ],
    "quat": [
        -0.017309710383415222,
        0.7945780158042908,
        -0.09111353009939194,
        0.5210584998130798
    ],
    "euler_rotation_xyz": [
        -155.1658261029086,
        64.8262291526617,
        -161.58738699506526
    ]
}