{
    "cam2": [
        -1.369389246974606e-05,
        1.4577349247701932e-05,
        1.4362660294864327e-05,
        -3.511499016894959e-05,
        0.00012973143020644784,
        -7.025545346550643e-05,
        0.9999781847000122,
        0.545097827911377,
        0.7080729007720947
    ],
    "quat": [
        -3.511499016894959e-05,
        0.00012973143020644784,
        -7.025545346550643e-05,
        0.9999781847000122
    ],
    "euler_rotation_xyz": [
        -0.00402501377101718,
        0.014866168271065652,
        -0.008051379733580678
    ]
}