{
    "cam2": [
        -0.7659898400306702,
        0.13052242994308472,
        1.3731107711791992,
        -0.017309710383415222,
        0.7945780158042908,
        -0.09111353009939194,
        0.5210584998130798,
        0.5305360555648804,
        0.6904419660568237
    ],
    "r_matrix": [
        [
            -0.403589129447937,
            0.07399482280015945,
            0.9119433164596558
        ],
        [
            -0.13435490429401398,
            0.9811262488365173,
            -0.13906832039356232
        ],
        [
            -0.9050219058990479,
            -0.17865052819252014,
            -0.38603031635284424
        ]
    ],
    "euler_rotation_xyz": [
        -155.1658270192111,
        64.82622895397135,
        -161.58738791247362
    ]
}