{
    "cam2": [
        0.8571470379829407,
        0.292900025844574,
        1.2514146566390991,
        -0.13001547753810883,
        -0.7692895531654358,
        0.29258912801742554,
        0.5178570747375488,
        0.5562755465507507,
        0.7215444445610046
    ],
    "r_matrix": [
        [
            -0.4076228141784668,
            -0.10701312869787216,
            -0.9068582057952881
        ],
        [
            0.5226810574531555,
            0.7869859933853149,
            -0.32780712842941284
        ],
        [
            0.7487643957138062,
            -0.6076192855834961,
            -0.264859676361084
        ]
    ],
    "euler_rotation_xyz": [
        -113.55226430605514,
        -48.48345981558822,
        127.9495668474572
    ]
}