{
    "cam2": [
        -0.08197415620088577,
        -0.34915032982826233,
        0.21758823096752167,
        -0.14204806089401245,
        0.00871893297880888,
        0.011082381941378117,
        0.9444692730903625,
        0.5397216081619263,
        0.6968491673469543
    ],
    "quat": [
        -0.14204806089401245,
        0.00871893297880888,
        0.011082381941378117,
        0.9444692730903625
    ],
    "euler_rotation_xyz": [
        -17.09387646076528,
        1.2320432691215522,
        1.1593840914300395
    ]
}