{
    "cam2": [
        0.010456489399075508,
        -0.9981958270072937,
        0.9961804151535034,
        -0.0003289401938673109,
        -0.600732147693634,
        -0.6017160415649414,
        0.0401240810751915,
        0.5313288569450378,
        0.6911801099777222
    ],
    "r_matrix": [
        [
            -0.9955556392669678,
            0.06718890368938446,
            -0.06598813831806183
        ],
        [
            -0.06609799712896347,
            0.0005890130996704102,
            0.9978129267692566
        ],
        [
            0.06708083301782608,
            0.9977400302886963,
            0.0038546323776245117
        ]
    ],
    "euler_rotation_xyz": [
        89.77864597655677,
        -3.846337087340776,
        -176.201531936198
    ]
}