{
    "cam2": [
        0.4615875780582428,
        -0.7426101565361023,
        0.9532490968704224,
        -0.007162571419030428,
        -0.6396475434303284,
        -0.4714489281177521,
        0.4401775598526001,
        0.5464282631874084,
        0.7096356749534607
    ],
    "quat": [
        -0.007162571419030428,
        -0.6396475434303284,
        -0.4714489281177521,
        0.4401775598526001
    ],
    "euler_rotation_xyz": [
        89.34528375804362,
        -43.67504782611028,
        -137.15405423150682
    ]
}