{
    "cam2": [
        -0.4496288597583771,
        -0.6338142156600952,
        0.7678582072257996,
        -0.2395401895046234,
        0.2458595186471939,
        0.02264244481921196,
        0.746781587600708,
        0.5602213740348816,
        0.719167947769165
    ],
    "r_matrix": [
        [
            0.8196520209312439,
            -0.224259614944458,
            0.5271415114402771
        ],
        [
            -0.12420981377363205,
            0.8287268877029419,
            0.5456956028938293
        ],
        [
            -0.5592337846755981,
            -0.5127566456794739,
            0.6514124870300293
        ]
    ],
    "euler_rotation_xyz": [
        -38.207907701717836,
        34.002826587871056,
        -8.617021782735591
    ]
}