{
    "cam2": [
        -0.8933773636817932,
        0.22595208883285522,
        1.1056418418884277,
        -0.09629479050636292,
        0.6846338510513306,
        -0.2231677919626236,
        0.6356372237205505,
        0.5528936386108398,
        0.7210884690284729
    ],
    "r_matrix": [
        [
            -0.11291706562042236,
            0.16296254098415375,
            0.9801494479179382
        ],
        [
            -0.44595983624458313,
            0.8732038140296936,
            -0.19655776023864746
        ],
        [
            -0.8879018425941467,
            -0.45930200815200806,
            -0.0259249210357666
        ]
    ],
    "euler_rotation_xyz": [
        -93.23058131321558,
        62.61075878153635,
        -104.20868194282276
    ]
}