{
    "cam2": [
        -0.1525060385465622,
        0.5161686539649963,
        0.8085530996322632,
        0.20728591084480286,
        0.15931294858455658,
        -0.09455474466085434,
        0.7307886481285095,
        0.5679588317871094,
        0.7356454730033875
    ],
    "r_matrix": [
        [
            0.8877182006835938,
            0.33409473299980164,
            0.31676027178764343
        ],
        [
            -0.11802320927381516,
            0.8301829099655151,
            -0.5448548793792725
        ],
        [
            -0.44500207901000977,
            0.446292519569397,
            0.7763994336128235
        ]
    ],
    "euler_rotation_xyz": [
        29.891295242230196,
        26.42347354621979,
        -7.573131094401366
    ]
}