{
    "cam2": [
        -0.0018724106485024095,
        -0.025122247636318207,
        -0.004007976967841387,
        -0.008531930856406689,
        -0.005004886072129011,
        0.0016240773256868124,
        0.9964913129806519,
        0.552680492401123,
        0.7187075018882751
    ],
    "quat": [
        -0.008531930856406689,
        -0.005004886072129011,
        0.0016240773256868124,
        0.9964913129806519
    ],
    "euler_rotation_xyz": [
        -0.9820657251246063,
        -0.5738895615961112,
        0.19167914822624935
    ]
}