{
    "cam2": [
        0.0937391072511673,
        -0.46820732951164246,
        0.47264939546585083,
        -0.08889106661081314,
        -0.0994134247303009,
        -0.001451960764825344,
        0.8760956525802612,
        0.560565173625946,
        0.7237840890884399
    ],
    "r_matrix": [
        [
            0.9748255014419556,
            0.02574463188648224,
            -0.22147774696350098
        ],
        [
            0.019265543669462204,
            0.9798715710639954,
            0.1986970603466034
        ],
        [
            0.22213512659072876,
            -0.19796183705329895,
            0.9547078609466553
        ]
    ],
    "euler_rotation_xyz": [
        -11.714463758864149,
        -12.834470653819164,
        1.132192911483293
    ]
}