{
    "cam2": [
        -0.8214252591133118,
        -0.0998782142996788,
        0.9570759534835815,
        -0.2569400668144226,
        0.4861966371536255,
        -0.19367896020412445,
        0.7002080082893372,
        0.5538024306297302,
        0.718034565448761
    ],
    "quat": [
        -0.2569400668144226,
        0.4861966371536255,
        -0.19367896020412445,
        0.7002080082893372
    ],
    "euler_rotation_xyz": [
        -67.647888478139,
        44.44672877395241,
        -61.543453325301066
    ]
}