{
    "cam2": [
        -0.23937906324863434,
        -0.48159119486808777,
        1.3830716609954834,
        0.035178255289793015,
        0.44843828678131104,
        0.09806304425001144,
        0.4150961637496948,
        0.52576744556427,
        0.6836639046669006
    ],
    "r_matrix": [
        [
            -0.09673488140106201,
            -0.1297590434551239,
            0.9868156313896179
        ],
        [
            0.2939755320549011,
            0.9435070157051086,
            0.152881920337677
        ],
        [
            -0.9509052038192749,
            0.30488866567611694,
            -0.053124070167541504
        ]
    ],
    "euler_rotation_xyz": [
        99.88403694536999,
        71.97196906949026,
        108.21418337104264
    ]
}