{
    "cam2": [
        -0.4223686158657074,
        -0.5578271150588989,
        0.49067267775535583,
        0.0010682023130357265,
        0.3693273663520813,
        0.3176136910915375,
        0.7313527464866638,
        0.5163694024085999,
        0.6713049411773682
    ],
    "r_matrix": [
        [
            0.3854086995124817,
            -0.6006355881690979,
            0.7004976868629456
        ],
        [
            0.6026793122291565,
            0.7387077808380127,
            0.30180877447128296
        ],
        [
            -0.6987401843070984,
            0.30585575103759766,
            0.6466950178146362
        ]
    ],
    "euler_rotation_xyz": [
        25.311904315852765,
        44.32601464361377,
        57.401403222357274
    ]
}