{
    "cam2": [
        -0.10228915512561798,
        0.6071504950523376,
        0.5954869389533997,
        0.30549952387809753,
        0.2279406040906906,
        -0.26925796270370483,
        0.7270276546478271,
        0.5627301931381226,
        0.726188063621521
    ],
    "r_matrix": [
        [
            0.6664948463439941,
            0.7111721038818359,
            0.22364918887615204
        ],
        [
            -0.3379680812358856,
            0.5556280612945557,
            -0.7596414089202881
        ],
        [
            -0.6645014882087708,
            0.4307108223438263,
            0.610676646232605
        ]
    ],
    "euler_rotation_xyz": [
        35.19535128061445,
        41.6440925955477,
        -26.888782169157807
    ]
}