{
    "cam2": [
        -0.08197415620088577,
        -0.34915032982826233,
        0.21758823096752167,
        -0.14204806089401245,
        0.00871893297880888,
        0.011082381941378117,
        0.9444692730903625,
        0.5397216081619263,
        0.6968491673469543
    ],
    "r_matrix": [
        [
            0.9995641112327576,
            -0.025658689439296722,
            0.014600050635635853
        ],
        [
            0.02022901363670826,
            0.9555009007453918,
            0.2942938208580017
        ],
        [
            -0.021501554176211357,
            -0.2938702404499054,
            0.9556034803390503
        ]
    ],
    "euler_rotation_xyz": [
        -17.093876375108298,
        1.2320432758138973,
        1.1593841983859565
    ]
}