{
    "cam2": [
        0.7240875959396362,
        -0.6037172079086304,
        0.6141951680183411,
        -0.06320437043905258,
        -0.5372464656829834,
        -0.45879659056663513,
        0.7052397131919861,
        0.5321098566055298,
        0.6911662817001343
    ],
    "r_matrix": [
        [
            0.002228677272796631,
            0.7146885395050049,
            -0.699439287185669
        ],
        [
            -0.5789292454719543,
            0.5712301731109619,
            0.5818394422531128
        ],
        [
            0.8153747916221619,
            0.4036290943622589,
            0.4150271415710449
        ]
    ],
    "euler_rotation_xyz": [
        44.20232930179905,
        -54.62443530165326,
        -89.77943108858655
    ]
}