{
    "cam2": [
        -0.4394616484642029,
        -0.1524951457977295,
        1.1522531509399414,
        -0.13475151360034943,
        0.46501773595809937,
        -0.02554241754114628,
        0.6124667525291443,
        0.5422648787498474,
        0.7012349367141724
    ],
    "quat": [
        -0.13475151360034943,
        0.46501773595809937,
        -0.02554241754114628,
        0.6124667525291443
    ],
    "euler_rotation_xyz": [
        -53.17757152186224,
        67.25851828992245,
        -41.60260271248023
    ]
}