{
    "cam2": [
        0.4826876223087311,
        -0.758126437664032,
        0.8667263388633728,
        -0.030006013810634613,
        -0.5777914524078369,
        -0.47347235679626465,
        0.5535690784454346,
        0.5152196288108826,
        0.6721265316009521
    ],
    "quat": [
        -0.030006013810634613,
        -0.5777914524078369,
        -0.47347235679626465,
        0.5535690784454346
    ],
    "euler_rotation_xyz": [
        69.13638663725473,
        -50.53930063075754,
        -117.11645361883491
    ]
}