{
    "cam2": [
        -0.4524759352207184,
        -0.6249200105667114,
        0.6175275444984436,
        0.007825976237654686,
        0.40870487689971924,
        0.3411485552787781,
        0.5712805986404419,
        0.5555692911148071,
        0.7185999751091003
    ],
    "r_matrix": [
        [
            0.07051098346710205,
            -0.6286616921424866,
            0.7744756937026978
        ],
        [
            0.6496409177780151,
            0.6181206107139587,
            0.4425986707210541
        ],
        [
            -0.7569642066955566,
            0.47192302346229553,
            0.45198869705200195
        ]
    ],
    "euler_rotation_xyz": [
        46.23602415526,
        49.19729805167223,
        83.80545512002952
    ]
}