{
    "cam2": [
        -1.369389246974606e-05,
        1.4577349247701932e-05,
        1.4362660294864327e-05,
        -3.511499016894959e-05,
        0.00012973143020644784,
        -7.025545346550643e-05,
        0.9999781847000122,
        0.545097827911377,
        0.7080729007720947
    ],
    "r_matrix": [
        [
            0.9999999403953552,
            0.00014050485333427787,
            0.0002594734833110124
        ],
        [
            -0.00014052307233214378,
            1.0,
            7.021328201517463e-05
        ],
        [
            -0.0002594635880086571,
            -7.024973456282169e-05,
            0.9999999403953552
        ]
    ],
    "euler_rotation_xyz": [
        -0.004025013647126364,
        0.01486616975857291,
        -0.008051379392240276
    ]
}