{
    "cam2": [
        0.2954036295413971,
        -0.14790652692317963,
        1.099446177482605,
        -0.16840198636054993,
        -0.2587396204471588,
        0.08481503278017044,
        0.6313107013702393,
        0.5236670970916748,
        0.6843881607055664
    ],
    "r_matrix": [
        [
            0.7040636539459229,
            -0.03980571776628494,
            -0.7090203762054443
        ],
        [
            0.38765183091163635,
            0.8580873608589172,
            0.33676716685295105
        ],
        [
            0.5949962139129639,
            -0.5119585990905762,
            0.6195788383483887
        ]
    ],
    "euler_rotation_xyz": [
        -39.56695395585972,
        -36.51235999483274,
        28.83683124675431
    ]
}