{
    "cam2": [
        -0.20008622109889984,
        -0.7174986600875854,
        0.7975109219551086,
        -0.08410196751356125,
        0.20438364148139954,
        0.1067119836807251,
        0.6611824035644531,
        0.5423674583435059,
        0.6943233013153076
    ],
    "r_matrix": [
        [
            0.7862460613250732,
            -0.3528185188770294,
            0.5072832107543945
        ],
        [
            0.21458588540554047,
            0.9257709980010986,
            0.3112892508506775
        ],
        [
            -0.579456627368927,
            -0.13589411973953247,
            0.803593635559082
        ]
    ],
    "euler_rotation_xyz": [
        -9.598366341769509,
        35.41233622465483,
        15.265641908387671
    ]
}