{
    "cam2": [
        -0.7055129408836365,
        -0.4822445511817932,
        1.1767449378967285,
        0.005775792058557272,
        0.6939821243286133,
        0.3124534785747528,
        0.5221202969551086,
        0.52944016456604,
        0.6857223510742188
    ],
    "quat": [
        0.005775792058557272,
        0.6939821243286133,
        0.3124534785747528,
        0.5221202969551086
    ],
    "euler_rotation_xyz": [
        104.21777453421228,
        57.82762854529254,
        132.52534215670337
    ]
}