{
    "cam2": [
        0.1348865032196045,
        -0.10361450910568237,
        1.169424057006836,
        -0.1740158200263977,
        -0.05706576630473137,
        0.05257886275649071,
        0.6295527219772339,
        0.544931948184967,
        0.704850435256958
    ],
    "quat": [
        -0.1740158200263977,
        -0.05706576630473137,
        0.05257886275649071,
        0.6295527219772339
    ],
    "euler_rotation_xyz": [
        -31.6237818588065,
        -7.11039216315495,
        11.564288745200589
    ]
}