{
    "cam2": [
        -0.7232861518859863,
        -0.5264291763305664,
        0.5038620829582214,
        -0.0053910743445158005,
        0.48979440331459045,
        0.5061826109886169,
        0.7092441916465759,
        0.5397833585739136,
        0.7029280066490173
    ],
    "r_matrix": [
        [
            0.006942629814147949,
            -0.7238918542861938,
            0.689878523349762
        ],
        [
            0.7133210897445679,
            0.48707741498947144,
            0.5039133429527283
        ],
        [
            -0.7008030414581299,
            0.48860636353492737,
            0.5197489261627197
        ]
    ],
    "euler_rotation_xyz": [
        43.23101161701532,
        44.49146560733811,
        89.44236504573672
    ]
}