{
    "cam2": [
        -0.2756628096103668,
        -0.3013359308242798,
        1.0769802331924438,
        0.010320526547729969,
        0.35268688201904297,
        0.11302344501018524,
        0.4881959557533264,
        0.5282388925552368,
        0.6747368574142456
    ],
    "quat": [
        0.010320526547729969,
        0.35268688201904297,
        0.11302344501018524,
        0.4881959557533264
    ],
    "euler_rotation_xyz": [
        35.345851025438876,
        65.58934622933428,
        49.27274391638525
    ]
}