{
    "cam2": [
        0.4749927222728729,
        0.14971761405467987,
        1.310626745223999,
        -0.07047298550605774,
        -0.6614104509353638,
        0.11288909614086151,
        0.44435229897499084,
        0.5618767142295837,
        0.7325792908668518
    ],
    "r_matrix": [
        [
            -0.3796868324279785,
            -0.010882108472287655,
            -0.925051212310791
        ],
        [
            0.2965696454048157,
            0.9457255005836487,
            -0.13285216689109802
        ],
        [
            0.8762902021408081,
            -0.3247842788696289,
            -0.3558521270751953
        ]
    ],
    "euler_rotation_xyz": [
        -137.6134700175232,
        -61.19803393677253,
        142.00695034681775
    ]
}