{
    "cam2": [
        0.7104102373123169,
        -0.3759396970272064,
        0.35635775327682495,
        -0.005287210922688246,
        -0.4198775589466095,
        -0.4081170856952667,
        0.8119561076164246,
        0.5293000936508179,
        0.6884043216705322
    ],
    "r_matrix": [
        [
            0.3157626986503601,
            0.6657500267028809,
            -0.6760701537132263
        ],
        [
            -0.6568892598152161,
            0.6675422191619873,
            0.3505481481552124
        ],
        [
            0.6846828460693359,
            0.33341318368911743,
            0.648108959197998
        ]
    ],
    "euler_rotation_xyz": [
        27.223102831364088,
        -43.21066409614351,
        -64.32668677865708
    ]
}