{
    "cam2": [
        -7.507285044994205e-05,
        -1.3309279893292114e-05,
        3.33213247358799e-05,
        -1.0752475645858794e-05,
        1.1623057616816368e-05,
        1.2536938811535947e-05,
        1.000086784362793,
        0.5215926766395569,
        0.6780726909637451
    ],
    "quat": [
        -1.0752475645858794e-05,
        1.1623057616816368e-05,
        1.2536938811535947e-05,
        1.000086784362793
    ],
    "euler_rotation_xyz": [
        -0.0012320193310089407,
        0.0013318041587319447,
        0.0014364883790279166
    ]
}