{
    "cam2": [
        -0.6321290135383606,
        -0.5426725149154663,
        0.6138067245483398,
        -0.36796438694000244,
        0.3075484037399292,
        -0.1188000738620758,
        0.8123277425765991,
        0.5609645843505859,
        0.7250619530677795
    ],
    "quat": [
        -0.36796438694000244,
        0.3075484037399292,
        -0.1188000738620758,
        0.8123277425765991
    ],
    "euler_rotation_xyz": [
        -56.50271234971779,
        27.130706950908763,
        -31.415558269054156
    ]
}