{
    "cam2": [
        0.7204450964927673,
        -0.5948319435119629,
        0.6035521626472473,
        -0.058432646095752716,
        -0.5315941572189331,
        -0.4615977108478546,
        0.7077651023864746,
        0.5378468036651611,
        0.6982435584068298
    ],
    "quat": [
        -0.058432646095752716,
        -0.5315941572189331,
        -0.4615977108478546,
        0.7077651023864746
    ],
    "euler_rotation_xyz": [
        43.63339352969192,
        -53.747982472676235,
        -89.15885950316945
    ]
}