{
    "cam2": [
        -0.22812893986701965,
        -0.9524275660514832,
        0.9085714221000671,
        -0.0930258110165596,
        -0.5514940023422241,
        -0.564796507358551,
        0.04209938645362854,
        0.5735806226730347,
        0.7424949407577515
    ],
    "quat": [
        -0.0930258110165596,
        -0.5514940023422241,
        -0.564796507358551,
        0.04209938645362854
    ],
    "euler_rotation_xyz": [
        89.25786844499905,
        -13.836275948026122,
        174.8658743401598
    ]
}