{
    "cam2": [
        -0.06608059257268906,
        0.03252297267317772,
        1.414811134338379,
        -0.027120737358927727,
        0.3611055612564087,
        0.012306345626711845,
        0.5183315277099609,
        0.5694693326950073,
        0.7356535792350769
    ],
    "r_matrix": [
        [
            0.34717798233032227,
            -0.08087082207202911,
            0.9343058466911316
        ],
        [
            -0.017075467854738235,
            0.9955645799636841,
            0.09251827001571655
        ],
        [
            -0.9376437664031982,
            -0.04807400703430176,
            0.344257116317749
        ]
    ],
    "euler_rotation_xyz": [
        -7.949696482450088,
        69.65955543707939,
        -2.8157449434021053
    ]
}