{
    "cam2": [
        0.5163124203681946,
        -0.7844566106796265,
        0.801366925239563,
        -0.083009272813797,
        -0.6121886372566223,
        -0.5399477481842041,
        0.5321356654167175,
        0.557690441608429,
        0.7230256199836731
    ],
    "quat": [
        -0.083009272813797,
        -0.6121886372566223,
        -0.5399477481842041,
        0.5321356654167175
    ],
    "euler_rotation_xyz": [
        71.3736760815635,
        -50.80348428450159,
        -128.50040692413617
    ]
}