{
    "cam2": [
        0.20527218282222748,
        0.4661807715892792,
        1.7067111730575562,
        0.13183368742465973,
        -0.8519837260246277,
        0.16974139213562012,
        0.2516648769378662,
        0.5675981640815735,
        0.7358458042144775
    ],
    "r_matrix": [
        [
            -0.8067630529403687,
            -0.37116923928260803,
            -0.4597458839416504
        ],
        [
            -0.166631281375885,
            0.8894133567810059,
            -0.4256500005722046
        ],
        [
            0.5668923258781433,
            -0.2667907178401947,
            -0.779394268989563
        ]
    ],
    "euler_rotation_xyz": [
        -161.10365949445276,
        -34.53380926764672,
        -168.33005822312245
    ]
}