{
    "cam2": [
        0.0574459470808506,
        -0.025359245017170906,
        -0.1870115101337433,
        -0.020766502246260643,
        -0.006380066275596619,
        0.0046576838940382,
        0.9990023374557495,
        0.5531322360038757,
        0.7175208926200867
    ],
    "quat": [
        -0.020766502246260643,
        -0.006380066275596619,
        0.0046576838940382,
        0.9990023374557495
    ],
    "euler_rotation_xyz": [
        -2.38515234991981,
        -0.7203886436138275,
        0.5492572100275541
    ]
}