{
    "cam2": [
        -0.6689930558204651,
        -0.5472348928451538,
        0.8878455758094788,
        -0.19145607948303223,
        0.6019107699394226,
        0.23157218098640442,
        0.656516969203949,
        0.5467130541801453,
        0.7132021188735962
    ],
    "r_matrix": [
        [
            0.05856513977050781,
            -0.6049635410308838,
            0.7940964698791504
        ],
        [
            0.08327730000019073,
            0.7956498265266418,
            0.6000052094459534
        ],
        [
            -0.9948040246963501,
            0.030990809202194214,
            0.0969771146774292
        ]
    ],
    "euler_rotation_xyz": [
        17.72223713272783,
        84.15667379989323,
        54.88301532346075
    ]
}