{
    "cam2": [
        0.2101859301328659,
        -0.5351512432098389,
        0.6641572117805481,
        0.006438932381570339,
        -0.1817323863506317,
        -0.13709019124507904,
        0.7079455256462097,
        0.5281842947006226,
        0.6847735047340393
    ],
    "quat": [
        0.006438932381570339,
        -0.1817323863506317,
        -0.13709019124507904,
        0.7079455256462097
    ],
    "euler_rotation_xyz": [
        6.9024816975017975,
        -27.52083343303474,
        -23.61108979024141
    ]
}