{
    "cam2": [
        0.14959651231765747,
        -0.46129223704338074,
        1.3367462158203125,
        -0.3230055570602417,
        -0.3579053580760956,
        0.046752892434597015,
        0.5122249126434326,
        0.5490513443946838,
        0.7158750891685486
    ],
    "r_matrix": [
        [
            0.47571438550949097,
            0.3688508868217468,
            -0.7985267043113708
        ],
        [
            0.5615955591201782,
            0.5713449716567993,
            0.5984775424003601
        ],
        [
            0.6769831776618958,
            -0.7331534624099731,
            0.0646519660949707
        ]
    ],
    "euler_rotation_xyz": [
        -84.9604976906686,
        -42.60834359185636,
        49.73285051194075
    ]
}