{
    "cam2": [
        -0.7232861518859863,
        -0.5264291763305664,
        0.5038620829582214,
        -0.0053910743445158005,
        0.48979440331459045,
        0.5061826109886169,
        0.7092441916465759,
        0.5397833585739136,
        0.7029280066490173
    ],
    "quat": [
        -0.0053910743445158005,
        0.48979440331459045,
        0.5061826109886169,
        0.7092441916465759
    ],
    "euler_rotation_xyz": [
        43.2310100239105,
        44.49146621928151,
        89.44236080463021
    ]
}