{
    "cam2": [
        0.725385308265686,
        -0.19180689752101898,
        0.31887832283973694,
        0.0215569119900465,
        -0.3901923596858978,
        -0.2803850471973419,
        0.8767493367195129,
        0.5238727331161499,
        0.6831272840499878
    ],
    "quat": [
        0.0215569119900465,
        -0.3901923596858978,
        -0.2803850471973419,
        0.8767493367195129
    ],
    "euler_rotation_xyz": [
        20.276155583688045,
        -42.22934398752696,
        -43.36871917316707
    ]
}