{
    "cam2": [
        0.2954036295413971,
        -0.14790652692317963,
        1.099446177482605,
        -0.16840198636054993,
        -0.2587396204471588,
        0.08481503278017044,
        0.6313107013702393,
        0.5236670970916748,
        0.6843881607055664
    ],
    "quat": [
        -0.16840198636054993,
        -0.2587396204471588,
        0.08481503278017044,
        0.6313107013702393
    ],
    "euler_rotation_xyz": [
        -39.566951699174474,
        -36.512358445258684,
        28.836829889469254
    ]
}