{
    "cam2": [
        -0.45473217964172363,
        -0.7912801504135132,
        0.8973379731178284,
        -0.07005396485328674,
        0.5196351408958435,
        0.35282009840011597,
        0.5913695693016052,
        0.5466324687004089,
        0.708863377571106
    ],
    "r_matrix": [
        [
            -0.05323135852813721,
            -0.6542259454727173,
            0.7544234395027161
        ],
        [
            0.4598533809185028,
            0.6545596122741699,
            0.6000721454620361
        ],
        [
            -0.8863978385925293,
            0.3788668215274811,
            0.26600492000579834
        ]
    ],
    "euler_rotation_xyz": [
        54.92705161614463,
        62.424044429979766,
        96.6030128909417
    ]
}