{
    "cam2": [
        -0.3467959463596344,
        -0.22441092133522034,
        0.33606794476509094,
        -0.11116492003202438,
        0.13216589391231537,
        -0.07367224991321564,
        0.9068121910095215,
        0.5497069954872131,
        0.7113233804702759
    ],
    "r_matrix": [
        [
            0.9466034173965454,
            0.1215415894985199,
            0.2986128330230713
        ],
        [
            -0.19007177650928497,
            0.9585213661193848,
            0.21239003539085388
        ],
        [
            -0.2604125440120697,
            -0.25780701637268066,
            0.9304412007331848
        ]
    ],
    "euler_rotation_xyz": [
        -15.48700901868179,
        15.094542838987678,
        -11.353639540477438
    ]
}