{
    "cam2": [
        -4.8226462240563706e-05,
        -8.009307202883065e-05,
        -0.00021407204621937126,
        -4.7130124585237354e-05,
        0.00010144828411284834,
        0.00025164964608848095,
        0.9999985694885254,
        0.561519980430603,
        0.7289935350418091
    ],
    "r_matrix": [
        [
            0.9999998807907104,
            -0.0005033095949329436,
            0.000202873139642179
        ],
        [
            0.000503290502820164,
            0.9999998807907104,
            9.431143553229049e-05
        ],
        [
            -0.0002029205788858235,
            -9.420932474313304e-05,
            1.0
        ]
    ],
    "euler_rotation_xyz": [
        -0.005397796511243702,
        0.01162649257545894,
        0.02883642197006821
    ]
}