{
    "cam2": [
        -0.07542598247528076,
        -0.26797881722450256,
        0.5616797804832458,
        -0.14409278333187103,
        0.024022458121180534,
        -0.014397384598851204,
        0.8200778365135193,
        0.5326532125473022,
        0.6865212917327881
    ],
    "r_matrix": [
        [
            0.997739851474762,
            0.02404787950217724,
            0.06274495273828506
        ],
        [
            -0.043996527791023254,
            0.9395741820335388,
            0.33950647711753845
        ],
        [
            -0.050789132714271545,
            -0.3414997160434723,
            0.9385086297988892
        ]
    ],
    "euler_rotation_xyz": [
        -19.99517524669339,
        2.9112552616567124,
        -2.5248899569518803
    ]
}