{
    "cam2": [
        -0.20008622109889984,
        -0.7174986600875854,
        0.7975109219551086,
        -0.08410196751356125,
        0.20438364148139954,
        0.1067119836807251,
        0.6611824035644531,
        0.5423674583435059,
        0.6943233013153076
    ],
    "quat": [
        -0.08410196751356125,
        0.20438364148139954,
        0.1067119836807251,
        0.6611824035644531
    ],
    "euler_rotation_xyz": [
        -9.598366184214905,
        35.41233810838632,
        15.265641307000145
    ]
}