{
    "cam2": [
        -1.503140083514154e-05,
        -1.5474590327357873e-05,
        0.00011917910887859762,
        3.3649512261035852e-06,
        -4.7516452468698844e-05,
        -3.2965683203656226e-05,
        0.999985933303833,
        0.5588158965110779,
        0.7258661985397339
    ],
    "r_matrix": [
        [
            1.0,
            6.593197758775204e-05,
            -9.503445471636951e-05
        ],
        [
            -6.593261787202209e-05,
            1.0,
            -6.726864285155898e-06
        ],
        [
            9.503401815891266e-05,
            6.7331302489037625e-06,
            1.0
        ]
    ],
    "euler_rotation_xyz": [
        0.0003857799426491939,
        -0.005445047922998495,
        -0.0037776607191564006
    ]
}