{
    "cam2": [
        0.4749927222728729,
        0.14971761405467987,
        1.310626745223999,
        -0.07047298550605774,
        -0.6614104509353638,
        0.11288909614086151,
        0.44435229897499084,
        0.5618767142295837,
        0.7325792908668518
    ],
    "quat": [
        -0.07047298550605774,
        -0.6614104509353638,
        0.11288909614086151,
        0.44435229897499084
    ],
    "euler_rotation_xyz": [
        -137.6134680039743,
        -61.198037108901794,
        142.00694787360067
    ]
}