{
    "cam2": [
        -0.7382391095161438,
        -0.5266280174255371,
        0.5144105553627014,
        0.0007778743165545166,
        0.49521520733833313,
        0.5046020746231079,
        0.7061826586723328,
        0.5276387333869934,
        0.6866954565048218
    ],
    "quat": [
        0.0007778743165545166,
        0.49521520733833313,
        0.5046020746231079,
        0.7061826586723328
    ],
    "euler_rotation_xyz": [
        44.5907615387197,
        44.398938913447964,
        90.09370319486507
    ]
}