{
    "cam2": [
        -3.746644506463781e-05,
        1.8586826627142727e-05,
        8.119414269458503e-05,
        -4.958119461662136e-05,
        0.000114628674054984,
        -4.724154860014096e-05,
        0.9999566078186035,
        0.5604212880134583,
        0.7272190451622009
    ],
    "r_matrix": [
        [
            0.9999999403953552,
            9.447583579458296e-05,
            0.00022927197278477252
        ],
        [
            -9.449856588616967e-05,
            1.0,
            9.91558626992628e-05
        ],
        [
            -0.00022926260135136545,
            -9.917753050103784e-05,
            0.9999999403953552
        ]
    ],
    "euler_rotation_xyz": [
        -0.005682453990372387,
        0.013135779990340988,
        -0.005414369358529129
    ]
}