{
    "cam2": [
        -0.9376562833786011,
        0.396598219871521,
        0.879659116268158,
        0.5381632447242737,
        0.4015132188796997,
        0.3730399012565613,
        0.641953706741333,
        0.583658754825592,
        0.7559484243392944
    ],
    "quat": [
        0.5381632447242737,
        0.4015132188796997,
        0.3730399012565613,
        0.641953706741333
    ],
    "euler_rotation_xyz": [
        84.21041023607361,
        6.531800717897087,
        66.2260068195671
    ]
}