{
    "cam2": [
        0.7320749163627625,
        -0.5254782438278198,
        0.511080801486969,
        0.0003174837911501527,
        -0.49286893010139465,
        -0.5070324540138245,
        0.707334578037262,
        0.5456331372261047,
        0.7082892060279846
    ],
    "quat": [
        0.0003174837911501527,
        -0.49286893010139465,
        -0.5070324540138245,
        0.707334578037262
    ],
    "euler_rotation_xyz": [
        44.1963461364941,
        -44.16274429810086,
        -89.97440085025366
    ]
}