{
    "cam2": [
        0.0014154764357954264,
        -1.0348435640335083,
        1.104823350906372,
        -0.0003181833017151803,
        0.7241363525390625,
        0.6750128269195557,
        -0.0004695984534919262,
        0.5242990851402283,
        0.6811566948890686
    ],
    "quat": [
        -0.0003181833017151803,
        0.7241363525390625,
        0.6750128269195557,
        -0.0004695984534919262
    ],
    "euler_rotation_xyz": [
        94.02160023360472,
        -0.014648244275231903,
        -179.93599427470977
    ]
}