{
    "cam2": [
        -0.2010096311569214,
        -0.43792346119880676,
        0.3566035032272339,
        -0.16154249012470245,
        0.1005583107471466,
        -0.0020421608351171017,
        0.8663364052772522,
        0.5430350303649902,
        0.7014801502227783
    ],
    "r_matrix": [
        [
            0.974283754825592,
            -0.03679751977324486,
            0.22229963541030884
        ],
        [
            -0.04579247906804085,
            0.93365079164505,
            0.35524532198905945
        ],
        [
            -0.22062237560749054,
            -0.3562893867492676,
            0.9079557657241821
        ]
    ],
    "euler_rotation_xyz": [
        -21.42545542551624,
        12.745590638404346,
        -2.6909884728170277
    ]
}