{
    "cam2": [
        -0.10863132774829865,
        -1.0236560106277466,
        1.0508110523223877,
        0.04253421351313591,
        0.6729568243026733,
        0.663659930229187,
        0.053780894726514816,
        0.5560388565063477,
        0.7223811745643616
    ],
    "r_matrix": [
        [
            -0.989529013633728,
            -0.015742547810077667,
            0.14347274601459503
        ],
        [
            0.14323987066745758,
            0.015043854713439941,
            0.98957359790802
        ],
        [
            -0.017736785113811493,
            0.9997628927230835,
            -0.01263129711151123
        ]
    ],
    "euler_rotation_xyz": [
        90.72385526704757,
        1.0162964938015566,
        171.76332738047333
    ]
}