{
    "cam2": [
        -0.7055129408836365,
        -0.4822445511817932,
        1.1767449378967285,
        0.005775792058557272,
        0.6939821243286133,
        0.3124534785747528,
        0.5221202969551086,
        0.52944016456604,
        0.6857223510742188
    ],
    "r_matrix": [
        [
            -0.3599039316177368,
            -0.3735966682434082,
            0.8549239039421082
        ],
        [
            0.3924175798892975,
            0.770717978477478,
            0.5019983053207397
        ],
        [
            -0.8464500308036804,
            0.5161582231521606,
            -0.13077855110168457
        ]
    ],
    "euler_rotation_xyz": [
        104.21777730020008,
        57.82762818269984,
        132.5253452231633
    ]
}