{
    "cam2": [
        0.005952166859060526,
        -1.0254321098327637,
        1.027076244354248,
        0.002361491322517395,
        -0.7027990221977234,
        -0.705466091632843,
        0.0030657118186354637,
        0.5392529368400574,
        0.7000724673271179
    ],
    "r_matrix": [
        [
            -0.9999698400497437,
            0.0010147030698135495,
            -0.007705605588853359
        ],
        [
            -0.007709394209086895,
            -0.0037838220596313477,
            0.9999631643295288
        ],
        [
            0.0009855090174824,
            0.9999923706054688,
            0.003791511058807373
        ]
    ],
    "euler_rotation_xyz": [
        89.78276124406088,
        -0.056465513877029805,
        -179.55827969177824
    ]
}