{
    "cam2": [
        -0.4667847156524658,
        -0.7008222341537476,
        0.7401948571205139,
        -0.21546432375907898,
        0.2992030382156372,
        0.09801700711250305,
        0.7888990044593811,
        0.5256146788597107,
        0.6847352981567383
    ],
    "quat": [
        -0.21546432375907898,
        0.2992030382156372,
        0.09801700711250305,
        0.7888990044593811
    ],
    "euler_rotation_xyz": [
        -29.558562973561486,
        42.048611438737375,
        2.5847349311721017
    ]
}