{
    "cam2": [
        -0.4364643692970276,
        -0.24207843840122223,
        1.2307864427566528,
        -0.10284613817930222,
        0.557094156742096,
        -0.015877680853009224,
        0.598038911819458,
        0.5327553153038025,
        0.6887872219085693
    ],
    "quat": [
        -0.10284613817930222,
        0.557094156742096,
        -0.015877680853009224,
        0.598038911819458
    ],
    "euler_rotation_xyz": [
        -75.27761996646399,
        77.62511361832924,
        -66.66641744364783
    ]
}