{
    "cam2": [
        -4.8226462240563706e-05,
        -8.009307202883065e-05,
        -0.00021407204621937126,
        -4.7130124585237354e-05,
        0.00010144828411284834,
        0.00025164964608848095,
        0.9999985694885254,
        0.561519980430603,
        0.7289935350418091
    ],
    "quat": [
        -4.7130124585237354e-05,
        0.00010144828411284834,
        0.00025164964608848095,
        0.9999985694885254
    ],
    "euler_rotation_xyz": [
        -0.005397796423900316,
        0.011626491956713832,
        0.028836418254594032
    ]
}