{
    "cam2": [
        0.14959651231765747,
        -0.46129223704338074,
        1.3367462158203125,
        -0.3230055570602417,
        -0.3579053580760956,
        0.046752892434597015,
        0.5122249126434326,
        0.5490513443946838,
        0.7158750891685486
    ],
    "quat": [
        -0.3230055570602417,
        -0.3579053580760956,
        0.046752892434597015,
        0.5122249126434326
    ],
    "euler_rotation_xyz": [
        -84.96049254098531,
        -42.60834237233035,
        49.732844505606565
    ]
}