{
    "cam2": [
        -0.036578357219696045,
        0.046081237494945526,
        -0.143011674284935,
        0.0105678029358387,
        0.00011550568888196722,
        0.004598475992679596,
        0.9988255500793457,
        0.5649714469909668,
        0.7336940169334412
    ],
    "quat": [
        0.0105678029358387,
        0.00011550568888196722,
        0.004598475992679596,
        0.9988255500793457
    ],
    "euler_rotation_xyz": [
        1.2123949978834303,
        0.007668748721441318,
        0.5276435452917435
    ]
}