{
    "cam2": [
        0.7268928289413452,
        0.19844163954257965,
        1.4711337089538574,
        -0.0728895515203476,
        -0.8290191292762756,
        0.14194414019584656,
        0.47124603390693665,
        0.5584426522254944,
        0.7234601378440857
    ],
    "r_matrix": [
        [
            -0.5135129690170288,
            -0.013829130679368973,
            -0.8579704761505127
        ],
        [
            0.272393137216568,
            0.945526659488678,
            -0.1782732456922531
        ],
        [
            0.8136993646621704,
            -0.32525086402893066,
            -0.48177313804626465
        ]
    ],
    "euler_rotation_xyz": [
        -145.97624035973047,
        -54.45895168565528,
        152.05626710134277
    ]
}