{
    "cam2": [
        0.0023704166524112225,
        -1.0097471475601196,
        1.0933103561401367,
        -0.006180593743920326,
        -0.1673060655593872,
        -0.1814316362142563,
        0.3169122040271759,
        0.5249371528625488,
        0.6854168176651001
    ],
    "quat": [
        -0.006180593743920326,
        -0.1673060655593872,
        -0.1814316362142563,
        0.3169122040271759
    ],
    "euler_rotation_xyz": [
        28.334637576718038,
        -42.143906871943344,
        -70.69273793837493
    ]
}