{
    "cam2": [
        5.5859971325844526e-05,
        -1.0137887001037598,
        1.0002739429473877,
        -0.0006889541400596499,
        -0.6974226236343384,
        -0.709082841873169,
        0.0012569616083055735,
        0.5488682389259338,
        0.7132534980773926
    ],
    "r_matrix": [
        [
            -0.9999958276748657,
            0.0027735212352126837,
            -0.0007846913649700582
        ],
        [
            -0.0008305665105581284,
            -0.016578197479248047,
            0.9998621940612793
        ],
        [
            0.0027601304464042187,
            0.9998587369918823,
            0.01658034324645996
        ]
    ],
    "euler_rotation_xyz": [
        89.04996659836455,
        -0.15814402419327572,
        -179.95241185831273
    ]
}