{
    "cam2": [
        0.5757516622543335,
        -0.5175544619560242,
        0.4769292175769806,
        -0.12014105170965195,
        -0.4640219211578369,
        -0.1286572813987732,
        0.7600241899490356,
        0.5476136803627014,
        0.704512357711792
    ],
    "quat": [
        -0.12014105170965195,
        -0.4640219211578369,
        -0.1286572813987732,
        0.7600241899490356
    ],
    "euler_rotation_xyz": [
        -9.841369808339705,
        -63.32565208881349,
        -13.137354354600859
    ]
}