{
    "cam2": [
        -0.004507448058575392,
        -0.9979052543640137,
        0.9843299984931946,
        -0.0007209086907096207,
        -0.6879178881645203,
        -0.7051199078559875,
        0.00033601801260374486,
        0.5255601406097412,
        0.6823281645774841
    ],
    "quat": [
        -0.0007209086907096207,
        -0.6879178881645203,
        -0.7051199078559875,
        0.00033601801260374486
    ],
    "euler_rotation_xyz": [
        88.5850537502748,
        -0.0873206272240674,
        179.96941708605422
    ]
}