{
    "cam2": [
        0.0937391072511673,
        -0.46820732951164246,
        0.47264939546585083,
        -0.08889106661081314,
        -0.0994134247303009,
        -0.001451960764825344,
        0.8760956525802612,
        0.560565173625946,
        0.7237840890884399
    ],
    "quat": [
        -0.08889106661081314,
        -0.0994134247303009,
        -0.001451960764825344,
        0.8760956525802612
    ],
    "euler_rotation_xyz": [
        -11.714465140319634,
        -12.834471326063289,
        1.1321931355085935
    ]
}