{
    "cam2": [
        0.0016690902411937714,
        -1.0395410060882568,
        1.0078237056732178,
        0.0009115652646869421,
        -0.6840572357177734,
        -0.7147276401519775,
        0.0017624510219320655,
        0.5610401034355164,
        0.7295255661010742
    ],
    "quat": [
        0.0009115652646869421,
        -0.6840572357177734,
        -0.7147276401519775,
        0.0017624510219320655
    ],
    "euler_rotation_xyz": [
        87.48769017679565,
        -0.06487177219354573,
        -179.77951644331648
    ]
}