{
    "cam2": [
        0.4826876223087311,
        -0.758126437664032,
        0.8667263388633728,
        -0.030006013810634613,
        -0.5777914524078369,
        -0.47347235679626465,
        0.5535690784454346,
        0.5152196288108826,
        0.6721265316009521
    ],
    "r_matrix": [
        [
            -0.28968346118927,
            0.645829439163208,
            -0.7063907384872437
        ],
        [
            -0.5656904578208923,
            0.47980743646621704,
            0.6706556677818298
        ],
        [
            0.7720606923103333,
            0.593876302242279,
            0.22634732723236084
        ]
    ],
    "euler_rotation_xyz": [
        69.13638460581866,
        -50.53930302077861,
        -117.11645044964881
    ]
}