{
    "cam2": [
        -0.07542598247528076,
        -0.26797881722450256,
        0.5616797804832458,
        -0.14409278333187103,
        0.024022458121180534,
        -0.014397384598851204,
        0.8200778365135193,
        0.5326532125473022,
        0.6865212917327881
    ],
    "quat": [
        -0.14409278333187103,
        0.024022458121180534,
        -0.014397384598851204,
        0.8200778365135193
    ],
    "euler_rotation_xyz": [
        -19.995174850023147,
        2.911255304272647,
        -2.5248899393636055
    ]
}