{
    "cam2": [
        -0.17616090178489685,
        -0.8361849784851074,
        0.769286036491394,
        -0.04029309004545212,
        0.29767605662345886,
        0.22244803607463837,
        0.5376471877098083,
        0.5438576340675354,
        0.6983034014701843
    ],
    "quat": [
        -0.04029309004545212,
        0.29767605662345886,
        0.22244803607463837,
        0.5376471877098083
    ],
    "euler_rotation_xyz": [
        19.740694939460766,
        52.028364723112375,
        54.66140872336625
    ]
}