{
    "cam2": [
        -0.22812893986701965,
        -0.9524275660514832,
        0.9085714221000671,
        -0.0930258110165596,
        -0.5514940023422241,
        -0.564796507358551,
        0.04209938645362854,
        0.5735806226730347,
        0.7424949407577515
    ],
    "r_matrix": [
        [
            -0.9670875072479248,
            0.23700977861881256,
            0.09256511181592941
        ],
        [
            0.08689088374376297,
            -0.034299373626708984,
            0.9956272840499878
        ],
        [
            0.23914828896522522,
            0.9709017276763916,
            0.012576401233673096
        ]
    ],
    "euler_rotation_xyz": [
        89.25786781894874,
        -13.836276250270393,
        174.86587411703513
    ]
}