{
    "cam2": [
        0.0005141107831150293,
        -1.028710126876831,
        1.0143259763717651,
        0.001719919266179204,
        -0.6842517256736755,
        -0.7013293504714966,
        0.0006089127855375409,
        0.5609365701675415,
        0.7295464873313904
    ],
    "quat": [
        0.001719919266179204,
        -0.6842517256736755,
        -0.7013293504714966,
        0.0006089127855375409
    ],
    "euler_rotation_xyz": [
        88.58786003489038,
        0.09424270167668373,
        -179.80856047591294
    ]
}