{
    "cam2": [
        -0.39390328526496887,
        -0.7394455075263977,
        0.6719501614570618,
        -0.12258060276508331,
        0.4599825441837311,
        0.3056560158729553,
        0.6066620945930481,
        0.509513258934021,
        0.661424458026886
    ],
    "quat": [
        -0.12258060276508331,
        0.4599825441837311,
        0.3056560158729553,
        0.6066620945930481
    ],
    "euler_rotation_xyz": [
        29.42390259256082,
        66.929153972503,
        73.1728618744257
    ]
}