{
    "cam2": [
        0.3201817274093628,
        -0.3512171506881714,
        0.9923105835914612,
        -0.33384349942207336,
        -0.14898616075515747,
        0.05965476110577583,
        0.6193384528160095,
        0.5723758935928345,
        0.7499958276748657
    ],
    "r_matrix": [
        [
            0.9010898470878601,
            0.04912399873137474,
            -0.4308408796787262
        ],
        [
            0.33289816975593567,
            0.5583218336105347,
            0.7599049806594849
        ],
        [
            0.27787744998931885,
            -0.8281688690185547,
            0.48674476146698
        ]
    ],
    "euler_rotation_xyz": [
        -59.55570458532838,
        -16.133564792234772,
        20.27621989187277
    ]
}