{
    "cam2": [
        -0.8578310608863831,
        0.247617706656456,
        1.1713848114013672,
        -0.004423974547535181,
        0.799625039100647,
        -0.1372017115354538,
        0.5583444237709045,
        0.5554311275482178,
        0.7261849045753479
    ],
    "quat": [
        -0.004423974547535181,
        0.799625039100647,
        -0.1372017115354538,
        0.5583444237709045
    ],
    "euler_rotation_xyz": [
        -144.0036922336148,
        66.82459532795136,
        -155.17257146119528
    ]
}