{
    "cam2": [
        -0.8754331469535828,
        -0.38044503331184387,
        0.8409852981567383,
        -0.486114501953125,
        0.38960325717926025,
        -0.3518880307674408,
        0.6730099320411682,
        0.579300582408905,
        0.7485958933830261
    ],
    "r_matrix": [
        [
            0.42869579792022705,
            0.09831907600164413,
            0.8980830907821655
        ],
        [
            -0.8834721446037292,
            0.25350743532180786,
            0.3939681649208069
        ],
        [
            -0.18893609941005707,
            -0.9623238444328308,
            0.19553977251052856
        ]
    ],
    "euler_rotation_xyz": [
        -78.5141365302327,
        10.890704965774953,
        -64.11549562037014
    ]
}