{
    "cam2": [
        5.5859971325844526e-05,
        -1.0137887001037598,
        1.0002739429473877,
        -0.0006889541400596499,
        -0.6974226236343384,
        -0.709082841873169,
        0.0012569616083055735,
        0.5488682389259338,
        0.7132534980773926
    ],
    "quat": [
        -0.0006889541400596499,
        -0.6974226236343384,
        -0.709082841873169,
        0.0012569616083055735
    ],
    "euler_rotation_xyz": [
        89.04996860495639,
        -0.15814403721512812,
        -179.95241185898385
    ]
}