{
    "cam2": [
        -0.710051417350769,
        0.4276551306247711,
        1.0387259721755981,
        0.09056520462036133,
        0.6088390350341797,
        -0.16154932975769043,
        0.6381704807281494,
        0.5750606656074524,
        0.7447575330734253
    ],
    "quat": [
        0.09056520462036133,
        0.6088390350341797,
        -0.16154932975769043,
        0.6381704807281494
    ],
    "euler_rotation_xyz": [
        -56.11930636954181,
        83.09046277865751,
        -78.97875542450547
    ]
}