{
    "cam2": [
        -0.7034878730773926,
        -0.5114644169807434,
        0.496078759431839,
        -0.004465138074010611,
        0.4930005669593811,
        0.5053990483283997,
        0.7077468633651733,
        0.5403386354446411,
        0.7038499712944031
    ],
    "quat": [
        -0.004465138074010611,
        0.4930005669593811,
        0.5053990483283997,
        0.7077468633651733
    ],
    "euler_rotation_xyz": [
        43.78841783035181,
        44.64981873506343,
        89.80274137968043
    ]
}