{
    "cam2": [
        -0.45473217964172363,
        -0.7912801504135132,
        0.8973379731178284,
        -0.07005396485328674,
        0.5196351408958435,
        0.35282009840011597,
        0.5913695693016052,
        0.5466324687004089,
        0.708863377571106
    ],
    "quat": [
        -0.07005396485328674,
        0.5196351408958435,
        0.35282009840011597,
        0.5913695693016052
    ],
    "euler_rotation_xyz": [
        54.927061445569805,
        62.42404545334891,
        96.60302365035643
    ]
}