{
    "cam2": [
        0.21260932087898254,
        -0.5247108340263367,
        0.5805739760398865,
        0.062187399715185165,
        -0.13512052595615387,
        -0.030985793098807335,
        0.668750524520874,
        0.5666891932487488,
        0.7353426218032837
    ],
    "r_matrix": [
        [
            0.9182769656181335,
            0.05238635465502739,
            -0.3924578130245209
        ],
        [
            -0.12385202199220657,
            0.9794715642929077,
            -0.1590477079153061
        ],
        [
            0.3760693073272705,
            0.19465653598308563,
            0.905914306640625
        ]
    ],
    "euler_rotation_xyz": [
        12.12692556489842,
        -22.090418277984014,
        -7.681378184517329
    ]
}