{
    "cam2": [
        -1.849588443292305e-05,
        5.7460074458504096e-06,
        8.594925748184323e-05,
        -3.457673665252514e-05,
        -1.3921831850893795e-05,
        -4.576121864374727e-05,
        0.9999423623085022,
        0.555067777633667,
        0.7207459211349487
    ],
    "quat": [
        -3.457673665252514e-05,
        -1.3921831850893795e-05,
        -4.576121864374727e-05,
        0.9999423623085022
    ],
    "euler_rotation_xyz": [
        -0.003962357522884133,
        -0.0015955977031523185,
        -0.0052440964717331276
    ]
}