{
    "cam2": [
        -0.0023495969362556934,
        0.5171001553535461,
        0.1174137070775032,
        0.25186342000961304,
        0.0008506076992489398,
        0.0009715480264276266,
        0.9680616855621338,
        0.5649604201316833,
        0.733773410320282
    ],
    "r_matrix": [
        [
            0.9999966621398926,
            -0.0014517204836010933,
            0.0021350374445319176
        ],
        [
            0.0023081712424755096,
            0.873201310634613,
            -0.48735421895980835
        ],
        [
            -0.0011568153277039528,
            0.487357497215271,
            0.8732017874717712
        ]
    ],
    "euler_rotation_xyz": [
        29.16706707400847,
        0.06628065240030612,
        0.13224868140391188
    ]
}