{
    "cam2": [
        0.7415956854820251,
        -0.6103357672691345,
        0.9271568655967712,
        -0.1578024923801422,
        -0.6188310384750366,
        -0.23869819939136505,
        0.6854817271232605,
        0.5773706436157227,
        0.7529198527336121
    ],
    "quat": [
        -0.1578024923801422,
        -0.6188310384750366,
        -0.23869819939136505,
        0.6854817271232605
    ],
    "euler_rotation_xyz": [
        33.60573415750664,
        -81.20668766794056,
        -67.42344225964403
    ]
}