{
    "cam2": [
        -0.9060633182525635,
        0.002176393289119005,
        0.5165930390357971,
        0.0017512268386781216,
        0.4962683618068695,
        0.00019913821597583592,
        0.8686264157295227,
        0.5523438453674316,
        0.7181398868560791
    ],
    "r_matrix": [
        [
            0.5078277587890625,
            0.001391094527207315,
            0.8614575266838074
        ],
        [
            0.002082450082525611,
            0.9999938011169434,
            -0.002842405578121543
        ],
        [
            -0.8614560961723328,
            0.0032373948488384485,
            0.5078216791152954
        ]
    ],
    "euler_rotation_xyz": [
        0.36525919857469535,
        59.48047100564291,
        0.23495158805166952
    ]
}