{
    "cam2": [
        -0.250883013010025,
        0.49740710854530334,
        1.7774678468704224,
        0.08383122086524963,
        0.9503992199897766,
        -0.2496231496334076,
        0.1581939309835434,
        0.5878207683563232,
        0.7619049549102783
    ],
    "r_matrix": [
        [
            -0.9357413053512573,
            0.23889173567295074,
            0.259458988904953
        ],
        [
            0.08055997639894485,
            0.8609908819198608,
            -0.5022000074386597
        ],
        [
            -0.3433632254600525,
            -0.44902727007865906,
            -0.8249098062515259
        ]
    ],
    "euler_rotation_xyz": [
        -151.43900114392403,
        20.081913550599527,
        175.0794164936206
    ]
}