{
    "cam2": [
        -0.250883013010025,
        0.49740710854530334,
        1.7774678468704224,
        0.08383122086524963,
        0.9503992199897766,
        -0.2496231496334076,
        0.1581939309835434,
        0.5878207683563232,
        0.7619049549102783
    ],
    "quat": [
        0.08383122086524963,
        0.9503992199897766,
        -0.2496231496334076,
        0.1581939309835434
    ],
    "euler_rotation_xyz": [
        -151.43900049428578,
        20.08191415961425,
        175.07941616345371
    ]
}