{
    "cam2": [
        0.7074832320213318,
        -0.686700165271759,
        1.0201622247695923,
        -0.0360906608402729,
        -0.6967102289199829,
        -0.41031280159950256,
        0.5423761606216431,
        0.5279164910316467,
        0.6943606734275818
    ],
    "r_matrix": [
        [
            -0.3774479627609253,
            0.5218693017959595,
            -0.7649741768836975
        ],
        [
            -0.4159115254878998,
            0.6425354480743408,
            0.643557071685791
        ],
        [
            0.8273757100105286,
            0.5610709190368652,
            -0.025472283363342285
        ]
    ],
    "euler_rotation_xyz": [
        92.59940693277409,
        -55.8300979192558,
        -132.22436626698007
    ]
}