{
    "cam2": [
        0.0912671759724617,
        0.29854926466941833,
        1.1254481077194214,
        0.15394814312458038,
        0.01226501539349556,
        -0.051905855536460876,
        0.5639801025390625,
        0.5843355655670166,
        0.753960907459259
    ],
    "r_matrix": [
        [
            0.9834910035133362,
            0.18084965646266937,
            -0.006230577360838652
        ],
        [
            -0.15893350541591644,
            0.8468203544616699,
            -0.5075779557228088
        ],
        [
            -0.08651912212371826,
            0.5001885890960693,
            0.8615832924842834
        ]
    ],
    "euler_rotation_xyz": [
        30.13712978064578,
        4.963386081929411,
        -9.179716876916629
    ]
}