{
    "cam2": [
        -0.46991264820098877,
        -0.7355756759643555,
        1.318939447402954,
        -0.5068016052246094,
        0.5429075956344604,
        0.09678314626216888,
        0.5807573199272156,
        0.5614257454872131,
        0.7329935431480408
    ],
    "quat": [
        -0.5068016052246094,
        0.5429075956344604,
        0.09678314626216888,
        0.5807573199272156
    ],
    "euler_rotation_xyz": [
        -112.96863640277101,
        54.217754308605336,
        -56.483054430653205
    ]
}