{
    "cam2": [
        -0.0006757762748748064,
        -0.004282872658222914,
        2.0214385986328125,
        -0.002707855310291052,
        0.6873151659965515,
        -0.0029525533318519592,
        0.003253632690757513,
        0.5390240550041199,
        0.7005957365036011
    ],
    "r_matrix": [
        [
            -0.9999240636825562,
            -0.00783840287476778,
            0.009500971995294094
        ],
        [
            -0.007919739931821823,
            0.999932050704956,
            -0.008553773164749146
        ],
        [
            -0.009433276951313019,
            -0.008628369309008121,
            -0.9999182224273682
        ]
    ],
    "euler_rotation_xyz": [
        -179.50560270077656,
        0.5404950539656189,
        -179.5462073652838
    ]
}