{
    "cam2": [
        0.400788813829422,
        0.03705208748579025,
        0.8057814240455627,
        0.050074923783540726,
        -0.2654121518135071,
        -0.2938787639141083,
        0.6663437485694885,
        0.580964982509613,
        0.7548693418502808
    ],
    "quat": [
        0.050074923783540726,
        -0.2654121518135071,
        -0.2938787639141083,
        0.6663437485694885
    ],
    "euler_rotation_xyz": [
        25.962535294938196,
        -32.51246151363058,
        -55.28914080701851
    ]
}