{
    "cam2": [
        -0.00015478083514608443,
        -0.9097735285758972,
        0.5028117299079895,
        -0.4964390695095062,
        0.001809112960472703,
        0.000597628764808178,
        0.8678566217422485,
        0.5362808108329773,
        0.6971570253372192
    ],
    "quat": [
        -0.4964390695095062,
        0.001809112960472703,
        0.000597628764808178,
        0.8678566217422485
    ],
    "euler_rotation_xyz": [
        -59.54168952288741,
        0.21399186335115333,
        -0.043499095743051566
    ]
}