{
    "cam2": [
        0.7385948300361633,
        -0.024436401203274727,
        1.1000317335128784,
        0.08680575340986252,
        -0.6188062429428101,
        -0.19155360758304596,
        0.5908783674240112,
        0.5736255645751953,
        0.7420704364776611
    ],
    "quat": [
        0.08680575340986252,
        -0.6188062429428101,
        -0.19155360758304596,
        0.5908783674240112
    ],
    "euler_rotation_xyz": [
        90.78037246802262,
        -64.050709341798,
        -100.67828633242728
    ]
}