{
    "cam2": [
        0.0912671759724617,
        0.29854926466941833,
        1.1254481077194214,
        0.15394814312458038,
        0.01226501539349556,
        -0.051905855536460876,
        0.5639801025390625,
        0.5843355655670166,
        0.753960907459259
    ],
    "quat": [
        0.15394814312458038,
        0.01226501539349556,
        -0.051905855536460876,
        0.5639801025390625
    ],
    "euler_rotation_xyz": [
        30.137131873643575,
        4.9633863903128885,
        -9.179717018117213
    ]
}