{
    "cam2": [
        0.6435861587524414,
        -0.651585578918457,
        0.8590376973152161,
        0.014148646034300327,
        -0.6108224391937256,
        -0.47356075048446655,
        0.5559667348861694,
        0.5672839879989624,
        0.7370253801345825
    ],
    "r_matrix": [
        [
            -0.3177196979522705,
            0.5617119669914246,
            -0.7638940215110779
        ],
        [
            -0.599839985370636,
            0.5048657059669495,
            0.6207275390625
        ],
        [
            0.7343339920043945,
            0.6554313898086548,
            0.1765313744544983
        ]
    ],
    "euler_rotation_xyz": [
        74.92587742931451,
        -47.250963691103586,
        -117.90901025357107
    ]
}