{
    "cam2": [
        0.5183985233306885,
        -0.0020290096290409565,
        0.14523100852966309,
        -0.0014498271048069,
        -0.2513780891895294,
        0.00045297201722860336,
        0.9676147699356079,
        0.546505331993103,
        0.7105413675308228
    ],
    "r_matrix": [
        [
            0.8735508918762207,
            -0.00014777338947169483,
            -0.4867328107357025
        ],
        [
            0.0016063631046563387,
            0.9999954104423523,
            0.0025793767999857664
        ],
        [
            0.4867301881313324,
            -0.003035086439922452,
            0.8735470771789551
        ]
    ],
    "euler_rotation_xyz": [
        -0.19906991468194785,
        -29.12589179321677,
        0.10536046026527994
    ]
}