{
    "cam2": [
        0.7385948300361633,
        -0.024436401203274727,
        1.1000317335128784,
        0.08680575340986252,
        -0.6188062429428101,
        -0.19155360758304596,
        0.5908783674240112,
        0.5736255645751953,
        0.7420704364776611
    ],
    "r_matrix": [
        [
            -0.08108019828796387,
            0.15321391820907593,
            -0.9848611354827881
        ],
        [
            -0.4299980401992798,
            0.8860523104667664,
            0.17324255406856537
        ],
        [
            0.899181604385376,
            0.437534898519516,
            -0.005959630012512207
        ]
    ],
    "euler_rotation_xyz": [
        90.78037210494787,
        -64.05070917724034,
        -100.67828583497835
    ]
}