{
    "cam2": [
        -0.003818081459030509,
        0.89952552318573,
        0.4853176772594452,
        0.4915007948875427,
        0.00038090217276476324,
        0.005043209530413151,
        0.8713949918746948,
        0.551849901676178,
        0.7177243232727051
    ],
    "r_matrix": [
        [
            0.9999489188194275,
            -0.008407027460634708,
            0.005616104695945978
        ],
        [
            0.009155187755823135,
            0.5172509551048279,
            -0.8557847738265991
        ],
        [
            0.004289670847356319,
            0.8557924032211304,
            0.5173014998435974
        ]
    ],
    "euler_rotation_xyz": [
        58.84826543050158,
        -0.24578078803501882,
        0.5245657854445844
    ]
}