{
    "cam2": [
        -0.7968159317970276,
        -0.07245371490716934,
        1.0039676427841187,
        -0.1598425805568695,
        0.5945817828178406,
        -0.14283116161823273,
        0.6843355298042297,
        0.5530340075492859,
        0.7183536291122437
    ],
    "r_matrix": [
        [
            0.13820874691009521,
            0.0062340861186385155,
            0.9903834462165833
        ],
        [
            -0.4443085193634033,
            0.8940982818603516,
            0.05637554079294205
        ],
        [
            -0.8851487040519714,
            -0.44782745838165283,
            0.1263420581817627
        ]
    ],
    "euler_rotation_xyz": [
        -74.24506246874083,
        62.26982901045965,
        -72.72092123324755
    ]
}