{
    "cam2": [
        0.00505717471241951,
        -1.0351141691207886,
        0.9783337712287903,
        -0.6859298944473267,
        -0.004272995982319117,
        -0.0030659197364002466,
        0.7266818881034851,
        0.5395810604095459,
        0.7013055682182312
    ],
    "r_matrix": [
        [
            0.9999446272850037,
            0.010332375764846802,
            -0.0020070276223123074
        ],
        [
            0.0014080345863476396,
            0.05765664577484131,
            0.998335599899292
        ],
        [
            0.0104308957234025,
            -0.9982830286026001,
            0.05763888359069824
        ]
    ],
    "euler_rotation_xyz": [
        -86.69552359159206,
        -0.5976571273352226,
        0.08067886042493451
    ]
}