{
    "cam2": [
        0.0453357920050621,
        0.025266235694289207,
        0.047696396708488464,
        0.019325576722621918,
        -0.0195690356194973,
        -0.2430642545223236,
        0.9525507092475891,
        0.5645897388458252,
        0.7322237491607666
    ],
    "quat": [
        0.019325576722621918,
        -0.0195690356194973,
        -0.2430642545223236,
        0.9525507092475891
    ],
    "euler_rotation_xyz": [
        2.7467722564265733,
        -1.652197216218137,
        -28.669221280493446
    ]
}