{
    "cam2": [
        -0.7249441146850586,
        -0.6054352521896362,
        1.2143583297729492,
        -0.42943599820137024,
        0.6268507838249207,
        -0.0017246638890355825,
        0.6214767694473267,
        0.5608939528465271,
        0.728853702545166
    ],
    "quat": [
        -0.42943599820137024,
        0.6268507838249207,
        -0.0017246638890355825,
        0.6214767694473267
    ],
    "euler_rotation_xyz": [
        -109.62697074581936,
        53.80839710926491,
        -71.80123190167282
    ]
}