{
    "cam2": [
        -1.0385633707046509,
        0.002277175895869732,
        1.0201162099838257,
        0.0010152419563382864,
        0.7064002156257629,
        0.0012604508083313704,
        0.7081497311592102,
        0.5561347007751465,
        0.7238866686820984
    ],
    "r_matrix": [
        [
            0.0024730563163757324,
            -0.0003506731300149113,
            0.9999967813491821
        ],
        [
            0.0032179655972868204,
            0.9999947547912598,
            0.0003427143965382129
        ],
        [
            -0.999991774559021,
            0.003217108314856887,
            0.0024741291999816895
        ]
    ],
    "euler_rotation_xyz": [
        52.43753963798004,
        89.76746596555704,
        52.457403808692234
    ]
}