{
    "cam2": [
        -0.0006757762748748064,
        -0.004282872658222914,
        2.0214385986328125,
        -0.002707855310291052,
        0.6873151659965515,
        -0.0029525533318519592,
        0.003253632690757513,
        0.5390240550041199,
        0.7005957365036011
    ],
    "quat": [
        -0.002707855310291052,
        0.6873151659965515,
        -0.0029525533318519592,
        0.003253632690757513
    ],
    "euler_rotation_xyz": [
        -179.50560270115506,
        0.5404950393950017,
        -179.54620738335473
    ]
}