{
    "cam2": [
        0.7074832320213318,
        -0.686700165271759,
        1.0201622247695923,
        -0.0360906608402729,
        -0.6967102289199829,
        -0.41031280159950256,
        0.5423761606216431,
        0.5279164910316467,
        0.6943606734275818
    ],
    "quat": [
        -0.0360906608402729,
        -0.6967102289199829,
        -0.41031280159950256,
        0.5423761606216431
    ],
    "euler_rotation_xyz": [
        92.59940600157094,
        -55.83009675684727,
        -132.22436697613156
    ]
}