{
    "cam2": [
        -0.00015478083514608443,
        -0.9097735285758972,
        0.5028117299079895,
        -0.4964390695095062,
        0.001809112960472703,
        0.000597628764808178,
        0.8678566217422485,
        0.5362808108329773,
        0.6971570253372192
    ],
    "r_matrix": [
        [
            0.9999927282333374,
            -0.002834588522091508,
            0.0025476699229329824
        ],
        [
            -0.0007591970497742295,
            0.5069135427474976,
            0.8619965314865112
        ],
        [
            -0.0037348540499806404,
            -0.8619922399520874,
            0.5069077014923096
        ]
    ],
    "euler_rotation_xyz": [
        -59.541692198035875,
        0.21399187120143656,
        -0.043499092520462676
    ]
}