{
    "cam2": [
        -0.18193112313747406,
        -0.3460381031036377,
        1.1193102598190308,
        0.015957346186041832,
        0.08231291174888611,
        0.12678632140159607,
        0.4664263129234314,
        0.5579079985618591,
        0.7148001194000244
    ],
    "quat": [
        0.015957346186041832,
        0.08231291174888611,
        0.12678632140159607,
        0.4664263129234314
    ],
    "euler_rotation_xyz": [
        8.967566170387197,
        17.592915826957245,
        31.804434388758928
    ]
}