{
    "cam2": [
        -0.7968159317970276,
        -0.07245371490716934,
        1.0039676427841187,
        -0.1598425805568695,
        0.5945817828178406,
        -0.14283116161823273,
        0.6843355298042297,
        0.5530340075492859,
        0.7183536291122437
    ],
    "quat": [
        -0.1598425805568695,
        0.5945817828178406,
        -0.14283116161823273,
        0.6843355298042297
    ],
    "euler_rotation_xyz": [
        -74.24506926019743,
        62.26982954040706,
        -72.72092845394606
    ]
}