{
    "cam2": [
        0.6209278702735901,
        -0.5267532467842102,
        1.4822460412979126,
        -0.25624850392341614,
        -0.7834804058074951,
        -0.11207862198352814,
        0.476480096578598,
        0.5595546364784241,
        0.727179765701294
    ],
    "r_matrix": [
        [
            -0.36307990550994873,
            0.5530824065208435,
            -0.7498486638069153
        ],
        [
            0.32066696882247925,
            0.8297792673110962,
            0.4567703306674957
        ],
        [
            0.8748405575752258,
            -0.07460760325193405,
            -0.4786313772201538
        ]
    ],
    "euler_rotation_xyz": [
        -171.14020887376284,
        -61.0260942092621,
        138.54951556496684
    ]
}