{
    "cam2": [
        0.5187786817550659,
        -0.008173228241503239,
        1.8933649063110352,
        0.00020606913312803954,
        -0.9634993076324463,
        -0.0031132036820054054,
        0.2672039866447449,
        0.5508344769477844,
        0.7168099284172058
    ],
    "r_matrix": [
        [
            -0.8571668863296509,
            0.0012669572606682777,
            -0.5150376558303833
        ],
        [
            -0.0020613546948879957,
            0.9999805092811584,
            0.005890554282814264
        ],
        [
            0.5150350332260132,
            0.006110861897468567,
            -0.8571475744247437
        ]
    ],
    "euler_rotation_xyz": [
        179.59152808931168,
        -30.99979118567094,
        -179.8622127168569
    ]
}