{
    "cam2": [
        0.0038409640546888113,
        -0.0014014466432854533,
        0.0028458095621317625,
        -0.0009419784764759243,
        -0.0024387482553720474,
        0.2573840320110321,
        0.9658440947532654,
        0.5553874373435974,
        0.7224779725074768
    ],
    "r_matrix": [
        [
            0.8673767447471619,
            -0.497624933719635,
            -0.005200439598411322
        ],
        [
            0.4976341128349304,
            0.8673868775367737,
            0.0005647226353175938
        ],
        [
            0.004229772835969925,
            -0.0030777433421462774,
            0.9999862909317017
        ]
    ],
    "euler_rotation_xyz": [
        -0.1763435619627355,
        -0.24234885877894333,
        29.84389136932382
    ]
}