{
    "cam2": [
        0.5183985233306885,
        -0.0020290096290409565,
        0.14523100852966309,
        -0.0014498271048069,
        -0.2513780891895294,
        0.00045297201722860336,
        0.9676147699356079,
        0.546505331993103,
        0.7105413675308228
    ],
    "quat": [
        -0.0014498271048069,
        -0.2513780891895294,
        0.00045297201722860336,
        0.9676147699356079
    ],
    "euler_rotation_xyz": [
        -0.19906991616397646,
        -29.12589151604079,
        0.10536046389791384
    ]
}