{
    "cam2": [
        0.9039037227630615,
        0.000994754838757217,
        1.4823133945465088,
        -0.000761992996558547,
        -0.8557140827178955,
        0.0007376811117865145,
        0.5180920362472534,
        0.5742841362953186,
        0.7452676892280579
    ],
    "r_matrix": [
        [
            -0.46351802349090576,
            0.0005393631290644407,
            -0.8860874176025391
        ],
        [
            0.002067090943455696,
            0.9999977350234985,
            -0.00047260793508030474
        ],
        [
            0.8860851526260376,
            -0.002050685463473201,
            -0.4635181427001953
        ]
    ],
    "euler_rotation_xyz": [
        -179.7465150665532,
        -62.38534978768232,
        179.74448716614455
    ]
}