{
    "cam2": [
        0.9019253253936768,
        0.007361102383583784,
        0.4974716603755951,
        0.002754061948508024,
        -0.48531487584114075,
        0.002492493251338601,
        0.8742606043815613,
        0.5746167898178101,
        0.745237410068512
    ],
    "r_matrix": [
        [
            0.5288680195808411,
            -0.007032225839793682,
            -0.848675012588501
        ],
        [
            0.00168521236628294,
            0.999972403049469,
            -0.007235722616314888
        ],
        [
            0.8487024307250977,
            0.0023965451400727034,
            0.5288652777671814
        ]
    ],
    "euler_rotation_xyz": [
        0.25963317038885714,
        -58.07081666330128,
        0.18256959711744325
    ]
}