{
    "cam2": [
        1.0357717275619507,
        0.002921437844634056,
        0.9725484848022461,
        0.002216735389083624,
        -0.693023145198822,
        0.0013959966599941254,
        0.7204217910766602,
        0.582093358039856,
        0.7543780207633972
    ],
    "r_matrix": [
        [
            0.038756728172302246,
            -0.005087494850158691,
            -0.9992357492446899
        ],
        [
            -0.001061833230778575,
            0.9999862909317017,
            -0.005132500547915697
        ],
        [
            0.9992481470108032,
            0.001259940559975803,
            0.03875076770782471
        ]
    ],
    "euler_rotation_xyz": [
        1.8622555346700846,
        -87.77801368449694,
        -1.569362853710471
    ]
}