{
    "cam2": [
        -0.46991264820098877,
        -0.7355756759643555,
        1.318939447402954,
        -0.5068016052246094,
        0.5429075956344604,
        0.09678314626216888,
        0.5807573199272156,
        0.5614257454872131,
        0.7329935431480408
    ],
    "r_matrix": [
        [
            0.32286524772644043,
            -0.7377827763557434,
            0.5928191542625427
        ],
        [
            -0.48748284578323364,
            0.40725404024124146,
            0.7723370790481567
        ],
        [
            -0.8112450242042542,
            -0.5383499264717102,
            -0.22816824913024902
        ]
    ],
    "euler_rotation_xyz": [
        -112.96863393476663,
        54.21775556441494,
        -56.48305418156714
    ]
}