{
    "cam2": [
        0.9039037227630615,
        0.000994754838757217,
        1.4823133945465088,
        -0.000761992996558547,
        -0.8557140827178955,
        0.0007376811117865145,
        0.5180920362472534,
        0.5742841362953186,
        0.7452676892280579
    ],
    "quat": [
        -0.000761992996558547,
        -0.8557140827178955,
        0.0007376811117865145,
        0.5180920362472534
    ],
    "euler_rotation_xyz": [
        -179.7465150704902,
        -62.3853505745984,
        179.744487173875
    ]
}