{
    "cam2": [
        0.7415956854820251,
        -0.6103357672691345,
        0.9271568655967712,
        -0.1578024923801422,
        -0.6188310384750366,
        -0.23869819939136505,
        0.6854817271232605,
        0.5773706436157227,
        0.7529198527336121
    ],
    "r_matrix": [
        [
            0.058689653873443604,
            0.5590499639511108,
            -0.8270542621612549
        ],
        [
            -0.14115563035011292,
            0.8248056173324585,
            0.5475133061408997
        ],
        [
            0.9882462024688721,
            0.0846099779009819,
            0.12732058763504028
        ]
    ],
    "euler_rotation_xyz": [
        33.60573978443162,
        -81.20668807019825,
        -67.42344751002622
    ]
}