{
    "cam2": [
        0.400788813829422,
        0.03705208748579025,
        0.8057814240455627,
        0.050074923783540726,
        -0.2654121518135071,
        -0.2938787639141083,
        0.6663437485694885,
        0.580964982509613,
        0.7548693418502808
    ],
    "r_matrix": [
        [
            0.4801902770996094,
            0.6050878763198853,
            -0.635047972202301
        ],
        [
            -0.6932021975517273,
            0.7053942084312439,
            0.1479518562555313
        ],
        [
            0.5374830365180969,
            0.3691715598106384,
            0.7581717371940613
        ]
    ],
    "euler_rotation_xyz": [
        25.962536720146716,
        -32.51246173696632,
        -55.28914331017442
    ]
}