{
    "cam2": [
        0.555820107460022,
        -0.02729593776166439,
        1.6684958934783936,
        0.09990204125642776,
        -0.8800728917121887,
        -0.04592592641711235,
        0.3248867988586426,
        0.5810990929603577,
        0.7537407279014587
    ],
    "quat": [
        0.09990204125642776,
        -0.8800728917121887,
        -0.04592592641711235,
        0.3248867988586426
    ],
    "euler_rotation_xyz": [
        167.8476981100205,
        -39.10019244938876,
        -162.7180036334507
    ]
}