{
    "cam2": [
        -0.5015063881874084,
        -0.0042173611000180244,
        1.886827826499939,
        0.00250378530472517,
        0.9663282036781311,
        0.0022801849991083145,
        0.25692442059516907,
        0.5384498238563538,
        0.7032662630081177
    ],
    "quat": [
        0.00250378530472517,
        0.9663282036781311,
        0.0022801849991083145,
        0.25692442059516907
    ],
    "euler_rotation_xyz": [
        179.62409640246034,
        29.777203699282595,
        179.6031500281583
    ]
}