{
    "cam2": [
        -0.8799479007720947,
        -0.004092061892151833,
        1.531090259552002,
        0.001934422878548503,
        0.8670886754989624,
        0.003684203140437603,
        0.49923983216285706,
        0.5436717867851257,
        0.708633542060852
    ],
    "r_matrix": [
        [
            -0.5020596981048584,
            -0.00032361349440179765,
            0.8648328185081482
        ],
        [
            0.007025502622127533,
            0.9999654293060303,
            0.004452678840607405
        ],
        [
            -0.8648043870925903,
            0.008311395533382893,
            -0.5020400285720825
        ]
    ],
    "euler_rotation_xyz": [
        179.0515410126671,
        59.860380031444556,
        179.198291892664
    ]
}