{
    "cam2": [
        -0.18193112313747406,
        -0.3460381031036377,
        1.1193102598190308,
        0.015957346186041832,
        0.08231291174888611,
        0.12678632140159607,
        0.4664263129234314,
        0.5579079985618591,
        0.7148001194000244
    ],
    "r_matrix": [
        [
            0.8101027011871338,
            -0.48054003715515137,
            0.3358793556690216
        ],
        [
            0.5023717284202576,
            0.8642938137054443,
            0.024875309318304062
        ],
        [
            -0.30225205421447754,
            0.1485847383737564,
            0.9415764808654785
        ]
    ],
    "euler_rotation_xyz": [
        8.967566198194646,
        17.592916430913256,
        31.804434176133974
    ]
}