{
    "cam2": [
        1.0357717275619507,
        0.002921437844634056,
        0.9725484848022461,
        0.002216735389083624,
        -0.693023145198822,
        0.0013959966599941254,
        0.7204217910766602,
        0.582093358039856,
        0.7543780207633972
    ],
    "quat": [
        0.002216735389083624,
        -0.693023145198822,
        0.0013959966599941254,
        0.7204217910766602
    ],
    "euler_rotation_xyz": [
        1.862254035377643,
        -87.77801181996057,
        -1.5693613405899254
    ]
}