{
    "cam2": [
        0.6435861587524414,
        -0.651585578918457,
        0.8590376973152161,
        0.014148646034300327,
        -0.6108224391937256,
        -0.47356075048446655,
        0.5559667348861694,
        0.5672839879989624,
        0.7370253801345825
    ],
    "quat": [
        0.014148646034300327,
        -0.6108224391937256,
        -0.47356075048446655,
        0.5559667348861694
    ],
    "euler_rotation_xyz": [
        74.92587394491483,
        -47.25096403879512,
        -117.9090074015927
    ]
}