{
    "cam2": [
        0.7283112406730652,
        -0.26633748412132263,
        1.5430669784545898,
        -0.36032623052597046,
        -0.7869490385055542,
        0.054164644330739975,
        0.452188640832901,
        0.5736613273620605,
        0.7484179735183716
    ],
    "quat": [
        -0.36032623052597046,
        -0.7869490385055542,
        0.054164644330739975,
        0.452188640832901
    ],
    "euler_rotation_xyz": [
        -142.8042873647426,
        -44.686964435913396,
        115.04733742323249
    ]
}