{
    "cam2": [
        -0.003818081459030509,
        0.89952552318573,
        0.4853176772594452,
        0.4915007948875427,
        0.00038090217276476324,
        0.005043209530413151,
        0.8713949918746948,
        0.551849901676178,
        0.7177243232727051
    ],
    "quat": [
        0.4915007948875427,
        0.00038090217276476324,
        0.005043209530413151,
        0.8713949918746948
    ],
    "euler_rotation_xyz": [
        58.84826543493148,
        -0.24578076073773014,
        0.5245657833976113
    ]
}