{
    "cam2": [
        0.555820107460022,
        -0.02729593776166439,
        1.6684958934783936,
        0.09990204125642776,
        -0.8800728917121887,
        -0.04592592641711235,
        0.3248867988586426,
        0.5810990929603577,
        0.7537407279014587
    ],
    "r_matrix": [
        [
            -0.7410092353820801,
            -0.16364686191082,
            -0.6512489914894104
        ],
        [
            -0.23054325580596924,
            0.9728984236717224,
            0.017847077921032906
        ],
        [
            0.6306784749031067,
            0.1633659154176712,
            -0.7586544752120972
        ]
    ],
    "euler_rotation_xyz": [
        167.84769848295082,
        -39.10019015898751,
        -162.71800392671597
    ]
}