{
    "cam2": [
        0.0453357920050621,
        0.025266235694289207,
        0.047696396708488464,
        0.019325576722621918,
        -0.0195690356194973,
        -0.2430642545223236,
        0.9525507092475891,
        0.5645897388458252,
        0.7322237491607666
    ],
    "r_matrix": [
        [
            0.8770392537117004,
            0.47798871994018555,
            -0.04825911670923233
        ],
        [
            -0.4795527458190918,
            0.8770588040351868,
            -0.028230367228388786
        ],
        [
            0.028832286596298218,
            0.047901932150125504,
            0.9984358549118042
        ]
    ],
    "euler_rotation_xyz": [
        2.7467720536643343,
        -1.6521972876994495,
        -28.669219989791983
    ]
}