{
    "cam2": [
        -0.5015063881874084,
        -0.0042173611000180244,
        1.886827826499939,
        0.00250378530472517,
        0.9663282036781311,
        0.0022801849991083145,
        0.25692442059516907,
        0.5384498238563538,
        0.7032662630081177
    ],
    "r_matrix": [
        [
            -0.8679423332214355,
            0.003667976474389434,
            0.4966515004634857
        ],
        [
            0.006011758465319872,
            0.9999770522117615,
            0.0031208342406898737
        ],
        [
            -0.49662867188453674,
            0.005694452673196793,
            -0.8679444789886475
        ]
    ],
    "euler_rotation_xyz": [
        179.6240964214665,
        29.77720267937209,
        179.60315004336724
    ]
}