{
    "cam2": [
        -0.5186161994934082,
        0.002006413182243705,
        0.14026430249214172,
        0.0014134891098365188,
        0.25319215655326843,
        0.0003149537369608879,
        0.9677973985671997,
        0.5627007484436035,
        0.7307058572769165
    ],
    "r_matrix": [
        [
            0.8718820810317993,
            0.00010606741125229746,
            0.4897158145904541
        ],
        [
            0.0013244111323729157,
            0.9999958276748657,
            -0.0025745488237589598
        ],
        [
            -0.48971402645111084,
            0.002893288154155016,
            0.8718782663345337
        ]
    ],
    "euler_rotation_xyz": [
        0.1901327191688672,
        29.321788481468783,
        0.08703368331973461
    ]
}