{
    "cam2": [
        -0.0023495969362556934,
        0.5171001553535461,
        0.1174137070775032,
        0.25186342000961304,
        0.0008506076992489398,
        0.0009715480264276266,
        0.9680616855621338,
        0.5649604201316833,
        0.733773410320282
    ],
    "quat": [
        0.25186342000961304,
        0.0008506076992489398,
        0.0009715480264276266,
        0.9680616855621338
    ],
    "euler_rotation_xyz": [
        29.167066877357197,
        0.0662806523432088,
        0.13224868496953315
    ]
}