{
    "cam2": [
        0.0038409640546888113,
        -0.0014014466432854533,
        0.0028458095621317625,
        -0.0009419784764759243,
        -0.0024387482553720474,
        0.2573840320110321,
        0.9658440947532654,
        0.5553874373435974,
        0.7224779725074768
    ],
    "quat": [
        -0.0009419784764759243,
        -0.0024387482553720474,
        0.2573840320110321,
        0.9658440947532654
    ],
    "euler_rotation_xyz": [
        -0.1763435503941008,
        -0.2423488591854055,
        29.843889388467158
    ]
}