{
    "cam2": [
        -1.0385633707046509,
        0.002277175895869732,
        1.0201162099838257,
        0.0010152419563382864,
        0.7064002156257629,
        0.0012604508083313704,
        0.7081497311592102,
        0.5561347007751465,
        0.7238866686820984
    ],
    "quat": [
        0.0010152419563382864,
        0.7064002156257629,
        0.0012604508083313704,
        0.7081497311592102
    ],
    "euler_rotation_xyz": [
        52.43757169946257,
        89.76746606920574,
        52.45743587210584
    ]
}