{
    "cam2": [
        -0.8799479007720947,
        -0.004092061892151833,
        1.531090259552002,
        0.001934422878548503,
        0.8670886754989624,
        0.003684203140437603,
        0.49923983216285706,
        0.5436717867851257,
        0.708633542060852
    ],
    "quat": [
        0.001934422878548503,
        0.8670886754989624,
        0.003684203140437603,
        0.49923983216285706
    ],
    "euler_rotation_xyz": [
        179.05154085292287,
        59.86038255480942,
        179.19829175318102
    ]
}