{
    "cam2": [
        -0.5186161994934082,
        0.002006413182243705,
        0.14026430249214172,
        0.0014134891098365188,
        0.25319215655326843,
        0.0003149537369608879,
        0.9677973985671997,
        0.5627007484436035,
        0.7307058572769165
    ],
    "quat": [
        0.0014134891098365188,
        0.25319215655326843,
        0.0003149537369608879,
        0.9677973985671997
    ],
    "euler_rotation_xyz": [
        0.19013272672362758,
        29.321789230130875,
        0.0870336899391592
    ]
}