{
    "cam2": [
        -0.0017775254091247916,
        -0.5284964442253113,
        0.1365615278482437,
        -0.25599217414855957,
        0.0011707547819241881,
        -0.0015495100524276495,
        0.9665054082870483,
        0.5469415187835693,
        0.7112641930580139
    ],
    "quat": [
        -0.25599217414855957,
        0.0011707547819241881,
        -0.0015495100524276495,
        0.9665054082870483
    ],
    "euler_rotation_xyz": [
        -29.67000841085369,
        0.08423881751809326,
        -0.20602597317512705
    ]
}