{
    "cam2": [
        -0.0017775254091247916,
        -0.5284964442253113,
        0.1365615278482437,
        -0.25599217414855957,
        0.0011707547819241881,
        -0.0015495100524276495,
        0.9665054082870483,
        0.5469415187835693,
        0.7112641930580139
    ],
    "r_matrix": [
        [
            0.9999924302101135,
            0.0023966063745319843,
            0.0030574200209230185
        ],
        [
            -0.003595819929614663,
            0.8688877820968628,
            0.4949961006641388
        ],
        [
            -0.0014702442567795515,
            -0.4950034022331238,
            0.8688898086547852
        ]
    ],
    "euler_rotation_xyz": [
        -29.670007925743658,
        0.08423881574867435,
        -0.20602597781611612
    ]
}