{
    "cam2": [
        0.7283112406730652,
        -0.26633748412132263,
        1.5430669784545898,
        -0.36032623052597046,
        -0.7869490385055542,
        0.054164644330739975,
        0.452188640832901,
        0.5736613273620605,
        0.7484179735183716
    ],
    "r_matrix": [
        [
            -0.3009967803955078,
            0.5416770577430725,
            -0.7848483920097351
        ],
        [
            0.6440995931625366,
            0.7223955392837524,
            0.25155583024024963
        ],
        [
            0.7032329440116882,
            -0.42980313301086426,
            -0.5663326978683472
        ]
    ],
    "euler_rotation_xyz": [
        -142.80429012997155,
        -44.68696382706363,
        115.04734018780299
    ]
}