{
    "cam2": [
        0.00505717471241951,
        -1.0351141691207886,
        0.9783337712287903,
        -0.6859298944473267,
        -0.004272995982319117,
        -0.0030659197364002466,
        0.7266818881034851,
        0.5395810604095459,
        0.7013055682182312
    ],
    "quat": [
        -0.6859298944473267,
        -0.004272995982319117,
        -0.0030659197364002466,
        0.7266818881034851
    ],
    "euler_rotation_xyz": [
        -86.69552151825879,
        -0.5976570952884752,
        0.0806788394287445
    ]
}