{
    "cam2": [
        -0.8127126693725586,
        0.3392691910266876,
        1.2687593698501587,
        -0.0241837278008461,
        0.7910817265510559,
        -0.2868753969669342,
        0.5036906599998474,
        0.561553955078125,
        0.7325388789176941
    ],
    "quat": [
        -0.0241837278008461,
        0.7910817265510559,
        -0.2868753969669342,
        0.5036906599998474
    ],
    "euler_rotation_xyz": [
        -121.26633415602389,
        54.45320008960511,
        -144.20405417368283
    ]
}