{
    "cam2": [
        -0.8127126693725586,
        0.3392691910266876,
        1.2687593698501587,
        -0.0241837278008461,
        0.7910817265510559,
        -0.2868753969669342,
        0.5036906599998474,
        0.561553955078125,
        0.7325388789176941
    ],
    "r_matrix": [
        [
            -0.47155046463012695,
            0.2605268955230713,
            0.8424760103225708
        ],
        [
            -0.3400421440601349,
            0.8277584910392761,
            -0.4463039040565491
        ],
        [
            -0.8136408925056458,
            -0.49693214893341064,
            -0.3017396926879883
        ]
    ],
    "euler_rotation_xyz": [
        -121.26633697523764,
        54.45319893263562,
        -144.20405689717165
    ]
}