{
    "cam2": [
        -0.7249441146850586,
        -0.6054352521896362,
        1.2143583297729492,
        -0.42943599820137024,
        0.6268507838249207,
        -0.0017246638890355825,
        0.6214767694473267,
        0.5608939528465271,
        0.728853702545166
    ],
    "r_matrix": [
        [
            0.18441778421401978,
            -0.5565010905265808,
            0.8101212978363037
        ],
        [
            -0.5609504580497742,
            0.6172281503677368,
            0.5516919493675232
        ],
        [
            -0.8070467710494995,
            -0.5561797618865967,
            -0.1983417272567749
        ]
    ],
    "euler_rotation_xyz": [
        -109.62696689592845,
        53.80839627190967,
        -71.80122914430054
    ]
}