{
    "cam2": [
        0.9019253253936768,
        0.007361102383583784,
        0.4974716603755951,
        0.002754061948508024,
        -0.48531487584114075,
        0.002492493251338601,
        0.8742606043815613,
        0.5746167898178101,
        0.745237410068512
    ],
    "quat": [
        0.002754061948508024,
        -0.48531487584114075,
        0.002492493251338601,
        0.8742606043815613
    ],
    "euler_rotation_xyz": [
        0.2596331555785974,
        -58.07081238186764,
        0.1825695498285145
    ]
}