{
    "cam2": [
        0.6209278702735901,
        -0.5267532467842102,
        1.4822460412979126,
        -0.25624850392341614,
        -0.7834804058074951,
        -0.11207862198352814,
        0.476480096578598,
        0.5595546364784241,
        0.727179765701294
    ],
    "quat": [
        -0.25624850392341614,
        -0.7834804058074951,
        -0.11207862198352814,
        0.476480096578598
    ],
    "euler_rotation_xyz": [
        -171.14020743249995,
        -61.026094106710445,
        138.54951682431246
    ]
}