{
    "cam2": [
        0.5187786817550659,
        -0.008173228241503239,
        1.8933649063110352,
        0.00020606913312803954,
        -0.9634993076324463,
        -0.0031132036820054054,
        0.2672039866447449,
        0.5508344769477844,
        0.7168099284172058
    ],
    "quat": [
        0.00020606913312803954,
        -0.9634993076324463,
        -0.0031132036820054054,
        0.2672039866447449
    ],
    "euler_rotation_xyz": [
        179.5915280579948,
        -30.99979771487281,
        -179.86221268376408
    ]
}