{
    "cam2": [
        -0.9060633182525635,
        0.002176393289119005,
        0.5165930390357971,
        0.0017512268386781216,
        0.4962683618068695,
        0.00019913821597583592,
        0.8686264157295227,
        0.5523438453674316,
        0.7181398868560791
    ],
    "quat": [
        0.0017512268386781216,
        0.4962683618068695,
        0.00019913821597583592,
        0.8686264157295227
    ],
    "euler_rotation_xyz": [
        0.36525920975330844,
        59.480472201543684,
        0.23495159828974577
    ]
}